gender,first_name,last_name,age,country_code,app_name
female,Caroline,Walker,1950-09-03T16:29:51.096Z,US,amzf
male,Ron,Davis,1986-12-19T13:20:41.402Z,US,amzf
female,Mia,Roy,1985-06-04T04:11:25.902Z,CA,amzf
male,Ali,Biçer,1947-04-12T10:48:35.219Z,TR,amzf
male,Coşkun,Egeli,1945-10-05T21:58:26.814Z,TR,amzf
female,Ceyhan,Öztürk,1984-02-19T03:07:50.756Z,TR,amzf
female,پرنیا,زارعی,1958-01-07T12:44:25.125Z,IR,amzf
male,Arron,Meehan,1979-03-11T18:17:06.597Z,IE,amzf
female,Nella,Eskola,1980-02-05T14:05:35.324Z,FI,amzf
female,Harper,Clarke,1948-02-14T23:26:11.366Z,NZ,amzf
male,Vselyub,Rodzyanko,1955-07-14T07:14:47.111Z,UA,amzf
female,تینا,یاسمی,1984-07-04T13:27:19.241Z,IR,amzf
female,Afet,Tunçeri,1985-02-23T11:24:20.942Z,TR,amzf
male,Suraje,Souza,1979-09-27T01:45:23.196Z,BR,amzf
female,Cristine,Pinto,1985-09-05T05:33:21.885Z,BR,amzf
female,Elsbeth,Schnurr,1951-05-17T22:03:45.033Z,DE,amzf
female,Eva,Turner,1954-02-09T19:01:21.484Z,NZ,amzf
male,Félix,Núñez,1955-12-03T01:06:03.578Z,ES,amzf
female,Vicenta,Vega,1979-12-06T01:49:43.820Z,ES,amzf
female,Lumi,Pulli,1947-12-27T02:48:59.191Z,FI,amzf
male,Timo,Leroux,1961-05-10T14:00:41.776Z,CH,amzf
male,Özkan,Beşerler,1947-05-02T01:14:48.111Z,TR,amzf
male,Aymeric,Sanchez,1950-08-05T18:31:48.889Z,FR,amzf
male,Thorsten,Wöhrle,1967-02-26T08:45:17.585Z,DE,amzf
male,Carter,Grant,1946-07-05T23:04:24.869Z,AU,amzf
female,Madison,Brar,1996-01-01T03:55:26.613Z,CA,amzf
male,Eliot,Legrand,1978-07-07T11:44:18.079Z,FR,amzf
female,Carolina,Pinto,1974-02-17T02:17:12.115Z,BR,amzf
female,Jaqueline,Borowski,1977-01-11T05:03:02.519Z,DE,amzf
female,Oresta,Duplenko,1989-06-23T06:06:13.130Z,UA,amzf
male,Samuel,Moreno,1977-12-10T21:09:30.535Z,ES,amzf
male,Obren,Tadić,1959-07-07T23:12:20.630Z,RS,amzf
male,سپهر,رضاییان,1999-01-10T13:50:09.158Z,IR,amzf
female,بهاره,کامروا,1968-06-23T13:56:10.141Z,IR,amzf
female,Sapthashree,Suvarna,1949-12-10T17:15:04.863Z,IN,amzf
male,Andrés,Torres,1956-09-09T20:03:05.864Z,ES,amzf
male,Jasper,Elden,1973-11-13T04:41:45.403Z,NO,amzf
female,Vilena,Tregub,1974-07-21T05:07:56.688Z,UA,amzf
female,Ninon,Bertrand,1960-07-16T05:10:51.380Z,FR,amzf
female,Zoraia,Aragão,1991-12-28T04:43:53.102Z,BR,amzf
female,Gerlind,Rosenberger,1956-10-27T13:00:07.006Z,DE,amzf
female,Florence,Chen,1956-05-24T23:46:32.083Z,NZ,amzf
male,Kerim,Sözeri,1952-03-09T01:16:11.766Z,TR,amzf
male,Oscar,Dumont,1987-08-10T10:56:48.289Z,CH,amzf
female,Leandra,Garnier,1989-04-06T08:56:05.786Z,CH,amzf
male,Ieremiy,Borovec,1969-06-24T09:39:58.207Z,UA,amzf
female,Clémentine,Blanc,1967-09-05T12:25:16.155Z,FR,amzf
female,Jane,Castro,1986-05-30T10:10:35.771Z,BR,amzf
male,Matteo,Aanstad,1962-06-06T14:29:13.404Z,NO,amzf
female,Nuria,Duran,1988-09-18T09:38:00.455Z,ES,amzf
male,Bachittar,Babu,1959-01-18T03:31:13.081Z,IN,amzf
female,Ellie,Wood,1971-07-10T15:18:45.634Z,NZ,amzf
male,Hudson,French,1978-06-23T00:29:29.922Z,CA,amzf
female,Belén,Gómez,1974-02-08T13:15:11.337Z,ES,amzf
female,Alex,Ferguson,1957-04-21T10:09:57.817Z,GB,amzf
female,Natalie,Hall,1956-04-22T20:17:10.356Z,NZ,amzf
male,Davut,Kocabıyık,1981-03-04T14:25:42.273Z,TR,amzf
female,Louisa,Ferwerda,1946-02-17T08:59:16.320Z,NL,amzf
female,Vildan,Korol,1980-01-17T13:41:19.426Z,TR,amzf
male,اميرعلي,علیزاده,1984-01-30T16:59:36.403Z,IR,amzf
female,Ievfrosiniya,Karpa,1985-03-03T05:00:14.485Z,UA,amzf
male,Malik,Andersen,1980-03-04T23:08:41.862Z,CA,amzf
female,Lily,Morris,1973-11-10T04:09:41.940Z,NZ,amzf
female,Estefânia,das Neves,1963-02-13T12:35:23.233Z,BR,amzf
male,Daryl,Parker,1973-11-05T13:43:04.857Z,GB,amzf
female,Victoria,Pedersen,1958-03-01T07:15:24.796Z,DK,amzf
female,Luz,Olmos,2000-04-28T08:42:58.944Z,MX,amzf
male,Yagnesh,Bharanya,1973-09-22T17:17:06.503Z,IN,amzf
male,Bhuv,Moolya,1980-08-10T12:04:53.566Z,IN,amzf
female,Mayina,Bakalo,1966-05-30T18:48:06.800Z,UA,amzf
male,Thibaut,Masson,1947-08-29T18:14:49.225Z,FR,amzf
male,Onni,Saari,1954-11-01T16:26:14.794Z,FI,amzf
male,Onur,Sandalcı,1994-06-25T13:01:29.911Z,TR,amzf
female,Megan,Perkins,2000-11-22T17:41:34.802Z,IE,amzf
male,Danny,Ford,1951-01-29T12:17:13.384Z,IE,amzf
female,Samantha,Fitzgerald,1999-11-22T22:04:59.186Z,IE,amzf
male,Isaiah,Olson,1973-07-08T09:40:14.194Z,IE,amzf
male,علی رضا,گلشن,1996-01-07T20:48:50.995Z,IR,amzf
female,Thea,Christensen,1958-05-26T11:14:34.362Z,DK,amzf
male,Charlie,Tucker,1997-02-10T19:30:22.345Z,US,amzf
female,Maudy,Van Veenendaal,1987-07-06T00:36:49.259Z,NL,amzf
female,Christel,Gauthier,1978-11-23T12:47:12.586Z,CH,amzf
male,Harry,Wood,1950-12-03T09:54:07.115Z,NZ,amzf
female,Sofia,Wheeler,1987-04-28T22:19:54.223Z,IE,amzf
male,Patrick,Godø,1990-07-15T01:18:44.100Z,NO,amzf
female,پریا,کریمی,1993-08-06T03:40:59.626Z,IR,amzf
female,Priya,Nair,1982-10-20T14:34:33.445Z,IN,amzf
female,Roxane,Carpentier,2001-05-08T14:36:31.857Z,FR,amzf
female,Ellen,Porter,1960-03-27T21:33:19.794Z,IE,amzf
male,Manthan,Banerjee,1961-12-23T16:55:20.868Z,IN,amzf
female,Cristina,Gallardo,1952-02-27T21:24:03.293Z,ES,amzf
female,Elisa,Laureano,1987-05-31T13:02:38.120Z,MX,amzf
male,Glen,Stone,1983-01-10T23:12:18.767Z,US,amzf
female,Ömür,Babaoğlu,1958-05-23T14:13:47.896Z,TR,amzf
female,Alma,Hansen,1957-05-24T06:51:04.110Z,DK,amzf
male,Oremiv,Malickiy,1955-06-11T07:22:00.234Z,UA,amzf
male,Darren,Cox,1973-01-28T19:02:09.975Z,GB,amzf
female,Monica,Liebscher,1951-09-06T02:59:59.164Z,DE,amzf
female,Sarah,Osullivan,1962-07-21T10:25:23.075Z,IE,amzf
male,Koray,Nalbantoğlu,1972-09-15T18:39:37.186Z,TR,amzf
male,William,Malmedal,1950-06-16T15:02:03.228Z,NO,amzf
female,Imelda,Vernooij,1994-08-27T09:16:47.802Z,NL,amzf
female,Emilie,Poulsen,1993-10-22T02:44:14.475Z,DK,amzf
male,Boris,Claßen,1960-04-14T07:19:28.190Z,DE,amzf
female,Eva,Fisher,1979-01-10T12:14:41.923Z,GB,amzf
female,Amanda,Perry,1998-02-07T12:36:41.901Z,GB,amzf
male,مهراد,یاسمی,1953-07-02T23:58:22.634Z,IR,amzf
male,Ivan,Ristović,1995-05-28T10:24:22.522Z,RS,amzf
female,Yashodha,Pai,1957-08-13T08:01:55.533Z,IN,amzf
female,Svenja,Fluit,1961-01-03T09:58:02.957Z,NL,amzf
male,Silvano,Meyer,1954-09-15T14:51:25.146Z,CH,amzf
male,Kiieslav,Bondar,1960-06-21T20:11:03.426Z,UA,amzf
female,Désirée,Lemaire,1974-05-18T07:59:32.429Z,CH,amzf
male,Carlos,Larson,1975-10-11T08:39:47.631Z,US,amzf
female,Lorena,Giménez,1954-06-07T11:32:06.693Z,ES,amzf
male,Andreas,Kristensen,1945-01-12T02:12:24.950Z,DK,amzf
female,Jeanne,Jean-Baptiste,1961-02-03T02:29:07.532Z,CA,amzf
male,Isaac,Guillaume,1948-11-03T18:40:44.046Z,FR,amzf
female,Sofija,Nemanjić,1980-04-14T12:11:33.761Z,RS,amzf
male,Wilson,Novaes,1990-05-11T01:30:31.795Z,BR,amzf
female,Mallika,Chatterjee,1975-03-07T01:32:44.115Z,IN,amzf
female,Angela,Siegel,1956-02-03T02:33:56.203Z,DE,amzf
male,Sebastian,Kumar,1980-12-18T12:32:23.690Z,NZ,amzf
male,Djalmo,Cavalcanti,1989-03-05T15:20:15.917Z,BR,amzf
female,Harper,Singh,1992-12-31T11:22:35.481Z,CA,amzf
female,Elisabeth,Husemann,1994-06-15T01:37:48.885Z,DE,amzf
female,Ninon,Brun,1969-01-13T03:46:07.488Z,FR,amzf
male,Greg,Nichols,1997-08-27T23:56:48.111Z,AU,amzf
male,Miodrag,Schweikert,1946-08-07T16:00:25.962Z,DE,amzf
male,Lucas,Pedersen,1987-07-26T09:54:13.442Z,DK,amzf
male,سورنا,نجاتی,1976-10-29T03:42:47.951Z,IR,amzf
male,Mateja,Rakić,2000-03-20T09:03:42.422Z,RS,amzf
male,Ulrich,Bek,1996-03-02T06:24:23.262Z,NL,amzf
female,Kaylee,Taylor,1996-09-28T21:20:59.247Z,AU,amzf
male,Chanakya,Kouser,1970-07-01T08:00:11.645Z,IN,amzf
female,Nicoline,Sørensen,1980-07-21T06:57:46.280Z,DK,amzf
male,Arvin,Kerseboom,1967-12-01T19:43:34.518Z,NL,amzf
female,Tilde,Mortensen,1979-06-10T19:36:01.344Z,DK,amzf
female,Nelli,Kyllo,1979-11-22T06:44:50.835Z,FI,amzf
male,Aatu,Murto,1954-08-30T19:51:22.991Z,FI,amzf
male,Gion,Roger,2001-04-07T21:19:39.953Z,CH,amzf
male,Kuzey,Taşçı,1987-05-30T11:05:46.843Z,TR,amzf
female,Celia,Herrero,1982-02-25T13:36:18.610Z,ES,amzf
male,Carter,Patel,1988-05-02T13:00:25.277Z,NZ,amzf
female,Heather,Henderson,1944-11-28T03:36:56.341Z,GB,amzf
female,Itzel,Santillán,1995-10-19T01:20:13.648Z,MX,amzf
male,Shayan,Kirkerud,1950-01-21T09:09:25.818Z,NO,amzf
female,Adhira,Fernandes,1963-06-28T23:58:11.273Z,IN,amzf
male,Adem,Polat,1997-03-14T02:08:07.489Z,TR,amzf
female,Violeta,Santiago,1979-01-05T08:14:24.284Z,MX,amzf
male,Girindra,Prabhu,1968-09-03T16:04:08.137Z,IN,amzf
female,Albertine,Benning,1990-12-12T01:21:08.361Z,DE,amzf
male,Daniel,Holmes,1987-06-11T10:36:22.678Z,US,amzf
female,Brunhild,Heger,1982-01-08T07:18:52.587Z,DE,amzf
male,Abeer,Salian,1986-07-04T18:17:59.724Z,IN,amzf
male,Yarema,Yanovskiy,1947-06-08T12:59:57.975Z,UA,amzf
male,José Carlos,Ureña,1972-08-23T18:37:51.518Z,MX,amzf
female,Dana,Burns,1946-12-12T18:37:22.088Z,AU,amzf
male,بردیا,زارعی,1945-05-28T02:40:23.764Z,IR,amzf
female,Aubrey,Macdonald,1991-01-14T20:41:18.370Z,CA,amzf
male,Rich,Miles,1995-11-06T08:34:43.831Z,IE,amzf
male,اميرعلي,سهيلي راد,1995-08-29T13:29:37.094Z,IR,amzf
male,سپهر,پارسا,1949-03-11T22:53:09.529Z,IR,amzf
male,Brandon,Chapman,1995-12-14T08:32:35.548Z,AU,amzf
male,آرسین,علیزاده,1976-02-27T04:21:10.366Z,IR,amzf
female,Josélia,Barros,1955-07-30T13:10:30.953Z,BR,amzf
male,Johann,Quast,1975-03-22T14:54:53.249Z,DE,amzf
male,Alexis,Campbell,1951-07-17T15:55:09.105Z,CA,amzf
male,Sverre,Fossum,1984-11-30T08:03:43.253Z,NO,amzf
male,Allan,Black,1982-01-20T04:08:48.166Z,GB,amzf
female,Alexandra,Morin,1991-06-20T21:40:34.939Z,FR,amzf
male,Reinhard,Da Silva,1983-03-27T13:48:10.389Z,CH,amzf
male,پوریا,قاسمی,1958-01-14T20:49:05.862Z,IR,amzf
female,Myriam,Arnaud,1981-08-11T02:14:42.559Z,CH,amzf
female,Mar'yana,Demich,1948-09-13T22:30:55.848Z,UA,amzf
female,Isabel,Vargas,1956-09-02T00:26:59.122Z,ES,amzf
female,Daniela,Mascareñas,1956-11-13T21:32:48.332Z,MX,amzf
male,Charan,Gamskar,1977-12-25T05:56:25.753Z,IN,amzf
male,Konrad,Barbier,1955-08-01T18:31:00.839Z,CH,amzf
female,Selma,Kristensen,1977-04-20T20:13:02.207Z,DK,amzf
female,Loraci,da Mota,1973-03-26T11:48:34.408Z,BR,amzf
female,Neline,Teeuwisse,1972-03-14T15:41:23.155Z,NL,amzf
female,Rose,Carlson,1978-08-31T23:17:44.592Z,GB,amzf
female,Océane,Boyer,1994-05-29T22:41:57.109Z,FR,amzf
male,Marco,Ortiz,1976-10-10T23:29:16.558Z,ES,amzf
female,Kseniya,Staruh,1954-01-15T07:27:56.216Z,UA,amzf
female,Zeynep,Schmitz,1976-07-12T12:10:25.377Z,DE,amzf
female,Eve,David,2000-02-17T19:46:04.020Z,FR,amzf
female,Andrea,Nieto,1985-08-24T20:05:52.270Z,ES,amzf
female,Tracey,Silva,1985-12-08T13:38:57.485Z,US,amzf
male,Elouan,Lefevre,1991-08-22T10:24:54.474Z,FR,amzf
female,Krin,Hall,1997-12-23T15:25:49.763Z,US,amzf
male,آدرین,کامروا,1997-02-19T20:06:23.843Z,IR,amzf
male,Bratoslav,Dovgan,1960-05-23T05:19:05.059Z,UA,amzf
male,Arthur,Ouellet,1957-10-21T11:23:37.113Z,CA,amzf
female,Aneita,Lopes,1972-04-17T12:28:49.270Z,BR,amzf
female,Virginia,Blanchard,1985-10-15T20:44:06.539Z,CH,amzf
male,مانی,احمدی,1945-08-27T01:58:10.266Z,IR,amzf
male,Tord,Ekren,2000-05-25T13:56:08.869Z,NO,amzf
male,Louka,Andre,1997-05-09T02:37:04.284Z,FR,amzf
male,Marcos,Rodríguez,1951-04-29T05:40:00.245Z,ES,amzf
male,Deniz,Süleymanoğlu,1999-03-10T03:01:34.988Z,TR,amzf
female,Pilar,Vargas,1951-10-14T16:41:52.381Z,ES,amzf
female,Iiris,Puro,2000-10-24T03:14:05.180Z,FI,amzf
male,Rico,Vidal,1955-01-28T07:37:15.535Z,CH,amzf
male,Ramazan,Piontek,1982-09-20T12:44:52.872Z,DE,amzf
female,Natalie,Peixoto,1978-01-04T13:23:33.495Z,BR,amzf
male,Allen,Miles,1982-10-24T09:52:00.405Z,US,amzf
male,Rogelio,Alvarez,1982-10-04T21:23:07.231Z,MX,amzf
female,Eliza,Barrett,1990-09-19T18:38:49.411Z,GB,amzf
male,Marinko,Danilović,1952-03-23T06:40:05.823Z,RS,amzf
male,محمدمهدی,یاسمی,1986-12-01T09:17:39.710Z,IR,amzf
male,Indrajit,Singh,1988-12-18T15:28:35.271Z,IN,amzf
male,Benno,Gaillard,1998-01-03T23:45:02.572Z,CH,amzf
male,Niklaus,Durand,1982-01-26T19:05:24.523Z,CH,amzf
female,Frida,Samaniego,1980-03-28T19:11:52.811Z,MX,amzf
male,Burkhardt,Dahlmann,1944-12-16T23:30:55.573Z,DE,amzf
female,Ana,Adam,1949-11-30T06:28:36.564Z,FR,amzf
female,Inés,Soto,1962-05-11T05:18:12.129Z,ES,amzf
male,Héctor,Valencia,1946-03-14T03:29:03.268Z,MX,amzf
female,Iida,Heino,1948-04-01T16:19:37.408Z,FI,amzf
male,Aidan,Roberts,1994-08-21T12:18:14.617Z,NZ,amzf
male,Daniel,Nichols,1989-05-26T18:00:49.319Z,US,amzf
male,Salvador,Gomez,1953-05-17T05:56:13.930Z,AU,amzf
female,هلیا,جعفری,1983-01-26T10:26:44.321Z,IR,amzf
male,Sebastian,Fox,1949-02-15T21:00:49.986Z,GB,amzf
female,Rosalia,Guzmán,1967-03-23T11:18:09.523Z,MX,amzf
male,Arsenije,Filipović,1957-10-09T00:02:46.816Z,RS,amzf
male,Igor,Hübner,1960-08-20T12:33:25.136Z,DE,amzf
male,Dylan,Miller,1976-11-02T11:51:52.912Z,CA,amzf
male,Abdullah,Dvergsdal,1968-11-25T22:23:32.588Z,NO,amzf
female,Mirna,Zdravković,1984-12-26T22:44:02.111Z,RS,amzf
female,Soraya,Moreau,1970-03-21T16:54:52.362Z,CH,amzf
female,Tracy,Smith,1959-07-04T16:17:51.464Z,US,amzf
male,Anton,Thomsen,1954-01-07T20:11:19.466Z,DK,amzf
female,Tatjana,Fournier,2000-11-08T09:35:49.178Z,CH,amzf
female,Kaatje,Spenkelink,1953-06-06T22:40:15.832Z,NL,amzf
male,Noham,Duval,1960-11-03T02:07:16.605Z,FR,amzf
male,Felix,Morris,1953-09-28T15:45:58.570Z,US,amzf
female,Jadiara,Nunes,1976-10-31T18:56:39.270Z,BR,amzf
male,Caleb,Scott,1948-04-04T18:17:59.429Z,GB,amzf
female,Ava,Turner,1964-06-16T16:05:46.843Z,NZ,amzf
female,Mokrina,Goshko,1965-01-18T12:39:32.895Z,UA,amzf
male,Çetin,Alnıaçık,1961-11-16T21:11:26.568Z,TR,amzf
female,Olivia,Jean-Baptiste,1975-12-02T18:21:42.889Z,CA,amzf
female,Linda,Nogueira,1949-03-02T03:00:33.365Z,BR,amzf
male,Helfried,Kruse,1954-01-08T12:25:50.287Z,DE,amzf
male,Emilio,Mercier,1957-01-22T14:37:11.344Z,CH,amzf
male,Esteban,Bravo,1986-11-27T11:26:22.008Z,ES,amzf
female,Maddison,Li,1952-03-07T15:37:44.508Z,NZ,amzf
female,Jennifer,Moreno,1963-01-23T04:05:04.445Z,GB,amzf
male,Stephen,Garza,1950-09-14T22:45:29.702Z,US,amzf
female,Tea,Isene,1981-12-13T17:03:11.981Z,NO,amzf
female,Xenia,Brüggemann,1953-07-26T03:50:35.025Z,DE,amzf
female,Emmi,Kauppi,1999-03-10T15:40:44.022Z,FI,amzf
female,Adèle,Blanc,1967-08-14T14:13:35.586Z,FR,amzf
female,María Teresa,Rendón,1983-09-03T03:53:29.693Z,MX,amzf
female,Maria-Luise,Schroth,1979-06-19T03:16:11.167Z,DE,amzf
male,Gostrozir,Leontovich,1993-04-23T14:31:19.394Z,UA,amzf
male,Oscar,Adam,1989-06-21T22:49:40.590Z,FR,amzf
female,Elizabeth,Kowalski,1985-07-11T20:56:00.162Z,CA,amzf
female,Susete,Moura,1977-11-15T10:32:36.893Z,BR,amzf
male,Bobby,Thompson,1976-02-01T17:35:52.129Z,IE,amzf
female,Sylwia,Reinicke,1981-10-05T11:03:31.532Z,DE,amzf
female,Eleonore,Zuidam,1969-08-05T01:27:16.303Z,NL,amzf
female,Vitória,Cavalcanti,1989-03-23T16:36:12.026Z,BR,amzf
male,Jorge,Navarro,1979-11-14T10:25:44.823Z,ES,amzf
male,علی رضا,کامروا,1977-05-03T10:12:01.382Z,IR,amzf
female,Mokrina,Gomonay,1998-05-31T01:34:38.369Z,UA,amzf
female,Greta,Rasenberg,1968-06-23T03:56:19.211Z,NL,amzf
male,Victor,Bergeron,1991-09-24T12:41:52.852Z,CA,amzf
male,Oskari,Wiitala,1950-03-11T02:19:52.976Z,FI,amzf
female,Martha,Campbell,1983-09-17T19:22:52.466Z,IE,amzf
female,کیانا,كامياران,1963-09-17T01:54:45.938Z,IR,amzf
male,César,Vieira,1950-10-25T23:35:04.633Z,BR,amzf
female,Wilhelmine,Schuch,1991-09-30T18:33:16.892Z,DE,amzf
male,Barão,Rezende,1952-07-27T16:54:14.873Z,BR,amzf
female,Buse,Aykaç,1968-02-20T16:41:46.422Z,TR,amzf
female,Maureen,Dixon,1958-06-28T11:08:29.630Z,US,amzf
male,Alexander,Muñoz,1982-01-20T12:26:15.971Z,ES,amzf
male,James,Ouellet,1991-05-10T22:06:40.524Z,CA,amzf
female,Rita,Gauthier,1990-07-20T19:18:34.445Z,CH,amzf
female,Holly,Lee,1956-08-16T06:46:46.111Z,NZ,amzf
male,Alexis,Roy,1985-03-14T02:25:37.785Z,FR,amzf
male,Jaroslav,Spahn,1993-09-23T17:13:48.630Z,DE,amzf
female,Christiana,Opdam,1952-06-06T01:48:54.747Z,NL,amzf
male,Niklaus,Marie,1957-04-20T07:12:02.600Z,CH,amzf
male,Jake,Roberts,1957-11-12T13:32:56.854Z,NZ,amzf
male,Alex,Simon,2000-07-31T15:53:31.744Z,FR,amzf
female,Elya,Martin,1975-09-15T06:24:51.689Z,FR,amzf
female,Ela,Elstad,1983-05-24T13:30:52.165Z,NO,amzf
female,Sarah,Parker,1963-11-07T03:13:34.855Z,IE,amzf
female,Marlene,da Cunha,1956-06-12T02:39:26.042Z,BR,amzf
female,Melissa,Duncan,1979-04-27T14:05:10.690Z,IE,amzf
male,Ali,Bolatlı,1956-06-06T23:57:32.391Z,TR,amzf
female,Afşar,Mertoğlu,1982-06-10T04:30:35.831Z,TR,amzf
male,Ishwar,Adiga,1946-01-19T02:13:49.368Z,IN,amzf
male,Jacques,Le Gall,1959-03-30T14:17:19.183Z,CH,amzf
male,Darrell,Jensen,1994-06-08T03:29:21.394Z,AU,amzf
female,Sarah,Mitchell,1957-07-30T06:18:18.932Z,CA,amzf
female,Laura,Fisher,1970-09-26T00:09:04.998Z,IE,amzf
male,Maxim,Van Wetten,1950-12-20T00:35:07.677Z,NL,amzf
female,Olivia,Mitchell,1970-07-31T06:21:17.859Z,IE,amzf
male,Momčilo,Peković,1980-09-04T03:16:01.242Z,RS,amzf
female,Olivia,Robinson,1992-10-26T08:29:03.416Z,NZ,amzf
male,پارسا,حسینی,1997-07-19T00:43:51.762Z,IR,amzf
female,Hedda,Sell,1955-01-10T08:55:20.594Z,DE,amzf
male,Christian,Mortensen,1989-02-10T06:28:42.048Z,DK,amzf
female,Zara,Zhang,1969-10-08T06:14:00.960Z,NZ,amzf
female,Fatime,Leclercq,1998-05-21T07:01:07.061Z,CH,amzf
female,Stefana,Petković,1983-10-02T19:57:59.249Z,RS,amzf
male,Vedat,Tahincioğlu,1988-02-29T15:38:13.566Z,TR,amzf
female,Olivia,Marrero,1980-08-31T03:08:32.862Z,MX,amzf
male,Dragoslav,Peković,1969-04-28T05:52:30.981Z,RS,amzf
male,Amund,Fuglestad,1974-11-14T12:27:20.601Z,NO,amzf
female,Josette,Van de Polder,1954-07-19T12:02:36.820Z,NL,amzf
male,Charlie,Roberts,1966-01-21T22:59:22.856Z,NZ,amzf
female,کیمیا,موسوی,1986-02-13T13:17:54.152Z,IR,amzf
male,Rafayil,Dikun,1977-04-07T13:34:57.627Z,UA,amzf
female,Mira,Milovanović,1965-01-04T18:21:07.690Z,RS,amzf
male,Arn,Sandtorv,1966-05-03T19:12:45.726Z,NO,amzf
female,Élise,Charles,1983-10-12T21:06:40.658Z,CH,amzf
male,Rafaél,Moya,1957-04-08T07:43:02.679Z,MX,amzf
female,Judy,Kelley,1976-11-05T11:09:25.919Z,GB,amzf
male,Gautam,Taj,1998-03-30T09:46:05.213Z,IN,amzf
male,Kristan,Olieman,1958-08-03T11:35:41.340Z,NL,amzf
male,Valdo,Sales,1972-04-01T02:25:32.418Z,BR,amzf
female,Hannelore,Guillot,1958-09-12T04:41:14.834Z,CH,amzf
female,Nicoline,Larsen,1965-11-25T12:36:53.035Z,DK,amzf
male,Theo,Wilson,1995-12-07T07:26:05.250Z,CA,amzf
female,Angela,Rodríguez,1970-03-23T14:00:14.562Z,ES,amzf
male,Bobby,Baker,1970-12-31T05:17:30.168Z,US,amzf
female,Pavitra,Mathew,1953-12-14T18:05:29.653Z,IN,amzf
male,Luis,Vasquez,2000-01-16T21:42:19.690Z,GB,amzf
female,Eloida,Santos,1987-09-28T16:55:46.207Z,BR,amzf
female,Madison,Campbell,1970-08-28T20:12:19.459Z,CA,amzf
male,Niilo,Lepisto,1981-02-06T07:44:03.597Z,FI,amzf
female,Savannah,Wright,1979-06-30T18:22:04.245Z,NZ,amzf
female,Anđela,Lončarević,1954-08-11T12:49:20.192Z,RS,amzf
male,William,Willis,1992-06-14T08:33:12.319Z,IE,amzf
female,Katie,Graves,1953-10-15T23:06:50.410Z,GB,amzf
male,Reynaldo,Corrales,1981-05-30T01:29:18.013Z,MX,amzf
female,Lissy,Rieck,1995-11-06T11:00:27.494Z,DE,amzf
female,Roksolana,Rozdobudko,1992-12-13T19:37:07.557Z,UA,amzf
female,دینا,کوتی,1983-05-08T10:28:52.577Z,IR,amzf
female,آوا,احمدی,1969-06-29T00:13:18.131Z,IR,amzf
female,Valerie,Barnett,1983-02-10T00:52:36.780Z,AU,amzf
female,Liliane,Silveira,1981-08-21T19:57:44.965Z,BR,amzf
male,Tyrone,Porter,1992-08-27T12:46:10.256Z,US,amzf
male,Rafaél,Ureña,1975-12-03T09:50:08.449Z,MX,amzf
female,Dorothee,Friebe,1994-10-08T05:14:17.375Z,DE,amzf
male,Maximiliano,Tapia,1989-02-06T16:56:38.074Z,MX,amzf
female,Addison,Lam,1999-04-12T05:36:38.453Z,CA,amzf
male,Bora,Van Leent,1946-09-21T02:03:31.715Z,NL,amzf
female,Ella,Mortensen,1963-04-14T22:47:00.583Z,DK,amzf
female,Linnea,Halonen,1958-06-11T23:38:06.264Z,FI,amzf
male,Nêuton,Vieira,1992-01-29T22:51:24.083Z,BR,amzf
male,Alfonso,Romero,1966-10-09T07:29:24.584Z,ES,amzf
male,Lenny,David,1987-02-18T23:49:57.901Z,CH,amzf
female,Johanne,Stene,1993-07-14T15:24:01.059Z,NO,amzf
male,Diethelm,Heigl,1962-02-13T16:16:12.450Z,DE,amzf
male,Kenji,Van der Holst,1985-03-15T10:54:46.934Z,NL,amzf
female,Caroline,Morrison,1961-08-02T16:00:55.460Z,IE,amzf
female,Helene,Saleem,1980-11-11T13:42:01.990Z,NO,amzf
female,Marianna,Zhibak,1988-02-25T12:43:13.749Z,UA,amzf
male,Turan,Soekhoe,1979-02-17T00:09:54.798Z,NL,amzf
female,Nurten,Van de Laak,1986-02-09T09:32:04.248Z,NL,amzf
female,Liliana,das Neves,1950-11-13T12:11:31.609Z,BR,amzf
male,Logan,Turner,1968-03-06T00:37:03.596Z,NZ,amzf
male,Matias,Lakso,1991-01-10T06:11:58.650Z,FI,amzf
female,Victoire,Guerin,1986-09-30T05:01:28.940Z,FR,amzf
female,Violeta,Ramos,1996-01-20T01:26:39.124Z,BR,amzf
female,Ella,Jensen,1949-05-13T01:28:14.322Z,DK,amzf
female,Vlasta,Yasinskiy,1964-07-10T09:17:47.418Z,UA,amzf
male,Upkaar,Bansal,1998-05-24T21:49:31.169Z,IN,amzf
male,Lucas Or Luke,Rogers,1988-10-25T02:24:12.381Z,GB,amzf
male,Kadir,Çatalbaş,1944-09-14T10:01:36.339Z,TR,amzf
male,Salustiniano,Dias,1950-06-17T04:27:27.948Z,BR,amzf
female,Agripina,Griban,1946-11-24T17:58:27.028Z,UA,amzf
male,Oğuzhan,Kuzucu,1944-10-14T18:17:44.905Z,TR,amzf
male,Gustav,Nielsen,1995-03-14T23:54:19.153Z,DK,amzf
female,Julia,Arias,1977-10-11T23:25:29.964Z,ES,amzf
male,Jacob,Diaz,1950-04-18T21:46:07.043Z,AU,amzf
male,Bozheyko,Lazorik,1971-11-04T16:13:25.726Z,UA,amzf
male,Dhanush,Prajapati,1980-09-24T11:49:01.083Z,IN,amzf
male,سهیل,احمدی,1981-05-06T20:07:54.419Z,IR,amzf
female,Gül,Akşit,1966-11-04T01:47:38.361Z,TR,amzf
female,Kimaya,Prabhakaran,1994-07-07T11:18:52.021Z,IN,amzf
male,Frederik,Kristensen,1980-08-07T20:37:07.372Z,DK,amzf
male,Ekkehart,Bollmann,1968-06-10T21:19:11.679Z,DE,amzf
female,Karolina,Koval,1954-08-24T13:15:50.872Z,UA,amzf
male,Ken,Nguyen,1975-11-12T19:54:21.772Z,GB,amzf
male,Diego,Rubio,1985-03-05T01:46:10.697Z,ES,amzf
female,Luisa,Kirsten,1964-05-08T02:12:55.235Z,DE,amzf
male,Carl,Johansen,1975-03-12T13:56:55.302Z,DK,amzf
male,Thomas,Da Silva,1975-01-21T18:52:00.322Z,FR,amzf
male,Nicolas,Andersen,1966-10-11T08:20:52.869Z,CA,amzf
female,Virginia,Muñoz,1955-03-10T20:23:36.093Z,ES,amzf
male,Raphaël,Perez,1954-09-09T11:12:57.868Z,FR,amzf
male,Aurelio,Esparza,1950-07-14T11:58:22.796Z,MX,amzf
male,Perelyub,Gubar,1976-08-26T09:22:16.815Z,UA,amzf
male,Johnni,Jennings,1987-12-13T09:58:54.904Z,US,amzf
male,Noah,Larsen,1945-06-27T00:08:39.790Z,DK,amzf
male,Oscar,Li,1995-08-08T09:20:16.164Z,NZ,amzf
female,Gonca,Dizdar,1965-06-19T11:43:13.585Z,TR,amzf
male,Darko,Lesch,1980-07-18T14:52:13.582Z,DE,amzf
male,Mathis,Marchand,1983-06-14T15:02:13.391Z,FR,amzf
male,Ron,Lawson,1995-06-15T23:49:10.707Z,IE,amzf
female,Marcelina,Rodrigues,1977-03-31T22:41:26.426Z,BR,amzf
male,Otto,Lammi,1959-01-02T00:01:55.855Z,FI,amzf
male,Valdemar,Mortensen,1998-03-05T03:46:54.447Z,DK,amzf
female,Addison,Ginnish,1968-03-29T00:59:07.381Z,CA,amzf
male,Mustafa,Ertürk,1949-01-30T20:33:41.192Z,TR,amzf
male,Halvard,Bratberg,1980-04-18T20:59:52.384Z,NO,amzf
female,Snežana,Filipović,1948-04-07T20:33:02.715Z,RS,amzf
female,Heiderose,Haberl,1988-06-27T08:05:13.084Z,DE,amzf
male,Leo,Roth,1980-12-23T22:26:58.935Z,NO,amzf
female,Shambhavi,Suvarna,1999-12-21T03:22:10.899Z,IN,amzf
male,Bajram,Giraud,1949-08-30T00:44:12.979Z,CH,amzf
male,رهام,محمدخان,1987-06-30T20:45:07.057Z,IR,amzf
male,Malthe,Møller,1984-12-19T05:54:45.939Z,DK,amzf
female,Kitty,Hunt,1969-06-12T00:10:56.931Z,US,amzf
male,Caleb,Wood,1968-08-05T22:34:13.736Z,AU,amzf
male,Ron,Reynolds,1944-11-11T00:40:20.861Z,AU,amzf
male,Jean,De Witte,1993-05-04T12:02:26.735Z,NL,amzf
male,Francisco,Byrd,1964-08-22T22:53:30.738Z,GB,amzf
female,Marine,Duval,1960-07-04T09:38:53.934Z,FR,amzf
male,Pablo,Lopez,1950-12-07T01:02:17.645Z,FR,amzf
male,Billy,Mccoy,1974-04-20T23:58:58.572Z,IE,amzf
female,Laurence,Lemoine,1962-11-26T23:55:03.571Z,CH,amzf
female,Mathilde,Olsen,1952-07-17T13:33:48.846Z,DK,amzf
female,Brooklyn,Lee,1963-08-09T22:05:35.371Z,NZ,amzf
male,Arin,Banerjee,1979-01-18T07:29:45.511Z,IN,amzf
male,David,Vidić,1963-03-05T09:54:15.866Z,RS,amzf
male,Aurelio,Rosado,1980-09-22T11:20:03.110Z,MX,amzf
male,Bobby,Bishop,1974-07-05T17:07:07.942Z,IE,amzf
male,Yavir,Rozumovskiy,1979-05-09T11:34:04.918Z,UA,amzf
male,Konsta,Rautio,1989-09-24T20:14:43.107Z,FI,amzf
male,Sandro,Blanchard,1970-01-25T11:32:54.328Z,FR,amzf
male,Antonelo,Almeida,1978-01-11T04:24:29.656Z,BR,amzf
female,Natalia,Delgado,1980-03-12T16:48:34.775Z,MX,amzf
male,Quinn,Chen,1985-07-24T18:30:11.242Z,NZ,amzf
female,Maria,Christensen,2000-01-21T23:41:15.322Z,DK,amzf
male,Terry,Harvey,1996-12-27T21:08:14.832Z,GB,amzf
male,Marc,Soler,1982-09-11T16:11:14.120Z,ES,amzf
female,Daniela,Roybal,1957-07-05T09:48:49.645Z,MX,amzf
female,Rudana,Mankovskiy,1966-02-13T07:54:04.884Z,UA,amzf
male,Ignacio,Jiménez,1971-07-01T13:40:46.401Z,ES,amzf
male,محمدپارسا,سلطانی نژاد,1993-08-18T02:06:05.046Z,IR,amzf
male,Xavier,Chu,1950-01-28T11:06:45.368Z,CA,amzf
male,Raymond,Brooks,1998-10-19T01:47:03.474Z,AU,amzf
male,Storm,Hansen,1993-11-25T21:43:25.000Z,DK,amzf
female,Megan,Slawa,1964-07-23T21:32:51.224Z,CA,amzf
male,Ravi,Mathew,1968-01-26T20:36:25.446Z,IN,amzf
male,Gordon,Peters,1959-07-07T13:40:23.620Z,GB,amzf
female,Juanita,Wood,1986-07-11T13:54:02.796Z,US,amzf
male,Jessie,Reed,1946-01-21T22:34:32.547Z,AU,amzf
male,Amandus,Shala,1944-11-12T12:10:47.566Z,NO,amzf
female,Hithakshi,Saldanha,1976-09-10T03:30:44.764Z,IN,amzf
female,Maeva,Gauthier,1982-01-26T17:21:56.343Z,CH,amzf
male,Eduardo,Hayes,1998-02-13T10:51:12.284Z,GB,amzf
male,Liam,Rousseau,1996-10-25T22:40:11.438Z,FR,amzf
female,Leana,Dumont,1953-01-07T16:39:04.988Z,FR,amzf
female,Sonia,Mitchelle,1950-04-17T01:07:42.464Z,AU,amzf
male,Arttu,Mattila,1983-12-21T03:47:26.114Z,FI,amzf
female,Louna,Clement,1978-06-04T16:51:21.454Z,FR,amzf
female,Svyatogora,Shishchenko,1977-02-24T22:22:06.282Z,UA,amzf
female,Katie,King,1980-12-09T22:39:58.682Z,NZ,amzf
male,Jimi,Hietala,1951-02-24T02:31:03.062Z,FI,amzf
male,Thijm,Doornenbal,1985-11-12T00:28:55.720Z,NL,amzf
female,Prakruthi,Gamskar,1985-12-22T22:23:38.839Z,IN,amzf
female,Bella,Anderson,1994-11-21T08:27:13.098Z,NZ,amzf
male,Roman,Ritschel,1964-07-10T04:48:26.634Z,DE,amzf
male,Griva,Rudinskiy,1961-06-27T09:24:54.572Z,UA,amzf
male,Michael,Walker,1967-06-04T12:14:42.969Z,NZ,amzf
female,Liselotte,Lefebvre,1966-04-18T22:43:41.041Z,CH,amzf
male,Chavez,Lommerse,1954-04-17T19:04:57.738Z,NL,amzf
female,Alberte,Larsen,1952-05-19T23:22:53.322Z,DK,amzf
female,Diovalda,da Costa,1971-01-04T13:14:24.510Z,BR,amzf
male,Tracy,Thompson,1954-04-28T23:39:39.959Z,GB,amzf
female,Aino,Peltola,1953-11-11T10:05:56.765Z,FI,amzf
male,Gabriel,Ambrose,1994-01-14T08:15:27.641Z,CA,amzf
female,Arianna,Blanc,1963-12-12T15:50:51.286Z,CH,amzf
male,Jessie,Hopkins,1990-11-19T08:52:09.474Z,GB,amzf
male,Lazar,Lazović,1956-05-08T13:48:17.989Z,RS,amzf
male,Fatih,Numanoğlu,1993-02-24T18:44:50.050Z,TR,amzf
male,Maxime,Addy,1994-07-23T10:27:18.062Z,CA,amzf
female,مرسانا,یاسمی,1955-12-23T12:59:15.270Z,IR,amzf
male,Ravian,Stolk,1995-05-04T07:02:24.252Z,NL,amzf
male,کوروش,یاسمی,1987-11-11T08:18:15.790Z,IR,amzf
female,Nicole,Armstrong,1993-03-24T16:26:44.020Z,GB,amzf
female,Iekaterina,Gerovskiy,1961-05-24T12:20:31.762Z,UA,amzf
female,Florence,Lee,1954-01-12T12:23:02.311Z,NZ,amzf
female,Isabella,Møller,1975-03-22T09:41:37.731Z,DK,amzf
female,Maya,Lord,1992-03-29T23:24:58.696Z,GB,amzf
female,Elizabeth,Johnson,1972-04-10T21:14:15.332Z,NZ,amzf
female,Montserrat,Molina,1970-04-15T08:49:11.402Z,ES,amzf
female,درسا,مرادی,1978-02-12T15:31:45.509Z,IR,amzf
male,Balendra,Gugale,1996-06-24T20:39:35.576Z,IN,amzf
male,Norman,Fleming,1981-11-30T13:19:02.081Z,AU,amzf
male,León,Kievit,1998-05-26T05:35:46.886Z,NL,amzf
male,Nathan,Thomas,1946-02-09T21:46:24.762Z,FR,amzf
male,Phoenix,Lewis,1973-12-19T15:51:43.560Z,NZ,amzf
male,Jannis,Ritschel,1977-03-20T09:24:26.386Z,DE,amzf
female,Olimpiada,Zablockiy,1948-12-20T12:22:10.447Z,UA,amzf
female,Lilia,Arevalo,1997-07-27T10:41:11.479Z,MX,amzf
female,Archana,Raval,1978-01-05T20:23:28.522Z,IN,amzf
male,Zachary,Johnston,1974-10-18T17:17:36.788Z,GB,amzf
female,Wendeline,Uslu,1964-11-01T13:37:46.538Z,NL,amzf
female,Victoria,Martin,1997-08-26T21:24:19.605Z,CA,amzf
male,Kadir,Tütüncü,1973-10-18T13:16:40.017Z,TR,amzf
male,Kuzey,Dalkıran,1957-11-18T20:02:52.855Z,TR,amzf
female,Isabella,Kuhn,1990-06-10T21:26:57.233Z,GB,amzf
female,Iman,Kvaløy,1968-10-13T04:42:04.685Z,NO,amzf
female,Josefine,Jensen,1955-02-09T08:52:23.355Z,DK,amzf
male,Dwayne,Nguyen,1982-03-31T09:54:36.576Z,US,amzf
female,Lorena,Dupuis,1948-02-17T08:27:12.052Z,CH,amzf
male,Lenny,Mathieu,1970-01-24T09:50:22.112Z,FR,amzf
male,Ernest,Evans,1948-10-19T22:21:22.355Z,US,amzf
female,Carole,Morrison,1980-03-31T18:09:00.195Z,AU,amzf
female,Jade,Berger,1963-10-12T00:30:32.483Z,FR,amzf
female,درسا,سهيلي راد,1991-04-12T18:23:18.167Z,IR,amzf
male,Reginald,Simmons,1980-11-11T00:50:59.435Z,IE,amzf
female,Ria,Moreira,1983-03-23T08:51:10.616Z,BR,amzf
male,Perry,Walters,1973-02-13T17:56:31.966Z,GB,amzf
male,Randall,Bryant,1958-12-13T08:08:20.601Z,AU,amzf
female,Lynn,Martin,1992-04-02T12:56:03.037Z,CH,amzf
male,Vladimir,Jakovljević,1999-12-26T11:36:06.857Z,RS,amzf
female,Eloides,Lima,1987-07-18T12:33:09.695Z,BR,amzf
female,Serena,Bonnet,1974-10-10T10:22:49.691Z,CH,amzf
male,Mathias,Sollie,1948-12-29T00:33:59.505Z,NO,amzf
female,Fatma,Karadaş,1974-04-27T22:29:24.265Z,TR,amzf
male,Eeli,Pulkkinen,1970-06-16T00:18:31.497Z,FI,amzf
male,Paschalis,Schrader,1956-01-14T08:20:05.899Z,NL,amzf
female,Nicky,Lucas,1968-01-28T13:45:53.563Z,GB,amzf
female,Charmaine,Veldhuijzen,1965-07-01T13:24:03.962Z,NL,amzf
male,Theodore,Kim,1948-08-30T17:58:43.588Z,US,amzf
male,Louka,Guillaume,1976-10-07T04:21:01.316Z,FR,amzf
female,Sharlene,Harvey,1956-07-04T01:24:19.133Z,US,amzf
male,Conrado,Patiño,1957-09-30T18:03:52.143Z,MX,amzf
female,Nanna,Pedersen,1982-03-21T06:48:56.717Z,DK,amzf
male,Nathan,Clarke,1997-09-08T21:02:21.151Z,NZ,amzf
female,Marina,Stanojević,1977-09-17T05:21:31.830Z,RS,amzf
male,Kenneth,Farragher,1953-06-10T09:09:23.000Z,IE,amzf
female,Andrea,Escobar,2000-12-16T06:27:03.903Z,MX,amzf
male,Jeppe,Christensen,1969-04-20T21:38:33.522Z,DK,amzf
male,Scott,Chapman,1949-05-21T21:24:41.599Z,AU,amzf
male,سهیل,حیدری,1957-03-20T06:19:12.919Z,IR,amzf
female,Latife,Başoğlu,1975-02-16T06:41:51.009Z,TR,amzf
female,Luz,Soto,1959-06-27T01:55:41.108Z,ES,amzf
female,Felicia,Castillo,1993-10-13T18:48:45.957Z,US,amzf
male,Todor,Jevremović,1955-02-02T09:40:38.477Z,RS,amzf
male,Pierre,Roussel,1996-06-21T14:13:08.669Z,FR,amzf
female,Charline,Boyer,1964-04-10T06:27:38.030Z,FR,amzf
female,Melânia,de Souza,1954-03-10T20:58:00.412Z,BR,amzf
male,Eeli,Jarvinen,1985-06-04T11:31:06.184Z,FI,amzf
male,کوروش,زارعی,1944-12-05T05:02:00.500Z,IR,amzf
female,Mareike,Bock,1978-04-21T16:36:35.628Z,DE,amzf
male,Çetin,Erdoğan,1971-05-03T05:17:45.742Z,TR,amzf
male,Pål,Plassen,1978-10-09T13:56:21.528Z,NO,amzf
female,Amandine,Aubert,1963-03-26T06:55:18.759Z,CH,amzf
male,Jens-Peter,Krell,1966-04-12T10:04:27.505Z,DE,amzf
male,Evan,Frogner,1947-07-14T09:18:30.786Z,NO,amzf
male,Miguel,Walters,1952-02-06T16:30:45.961Z,AU,amzf
male,Noah,Abdalla,1946-09-13T16:37:53.527Z,NO,amzf
female,Nieves,Carrasco,1948-07-07T07:57:19.589Z,ES,amzf
male,Lucas,Lévesque,1998-02-05T09:03:07.454Z,CA,amzf
male,اميرمحمد,حیدری,1979-01-18T22:01:49.454Z,IR,amzf
male,Jimi,Jarvi,1945-08-17T09:35:01.007Z,FI,amzf
female,تارا,رضاییان,1964-05-17T14:32:13.757Z,IR,amzf
male,Esmeraldo,Pereira,1946-11-05T14:27:52.904Z,BR,amzf
female,Iina,Lakso,1969-10-22T05:31:47.226Z,FI,amzf
male,Aarão,Viana,1984-04-05T14:43:12.285Z,BR,amzf
male,Henry,Tucker,1948-06-18T20:55:17.416Z,IE,amzf
male,Cameron,Li,1996-12-27T02:12:39.984Z,NZ,amzf
male,Rene,Reynolds,1962-01-07T04:06:25.084Z,US,amzf
female,Joëlle,Adam,1976-10-20T00:26:09.951Z,CH,amzf
female,Liepa,Steine,1962-08-27T18:04:11.657Z,NO,amzf
female,Laura,Silva,1979-12-28T05:58:44.233Z,IE,amzf
female,Nurdan,Tekand,1952-09-10T21:23:03.539Z,TR,amzf
male,Albert,Domínguez,1978-05-15T05:14:30.594Z,ES,amzf
female,Maja,Kristensen,1951-09-27T00:49:01.999Z,DK,amzf
female,Mae,Wright,1986-06-24T04:03:31.677Z,AU,amzf
male,محمد,سلطانی نژاد,1947-08-24T16:25:49.932Z,IR,amzf
male,Larry,Nelson,1954-03-18T04:30:41.188Z,IE,amzf
female,Aída,Freitas,1996-12-14T21:52:21.495Z,BR,amzf
male,Domas,Olufsen,1970-02-22T02:59:59.649Z,NO,amzf
male,Anthony,Davis,1959-01-21T02:57:54.886Z,US,amzf
male,Damiano,Guillaume,1962-10-08T03:39:35.001Z,CH,amzf
male,Philip,Miller,1978-11-19T15:06:08.320Z,CA,amzf
male,Edzard,Van Beek,1987-09-23T23:17:25.205Z,NL,amzf
female,Brunhild,Hirschfeld,1996-01-21T13:28:09.492Z,DE,amzf
male,Sergio,Moreno,1951-03-24T22:35:08.640Z,ES,amzf
female,Micaela,de la Fuente,1968-06-03T03:49:27.616Z,MX,amzf
male,Tyler,Jones,1945-05-11T06:31:52.793Z,NZ,amzf
male,Barış,Çevik,1988-12-11T05:39:37.146Z,TR,amzf
female,Nelya,Zachepa,1971-12-30T04:57:42.510Z,UA,amzf
female,Diane,Robin,1950-10-22T16:12:06.934Z,FR,amzf
female,Eirill,Saeed,1969-06-16T02:24:25.053Z,NO,amzf
male,عرشيا,کامروا,1975-12-26T15:25:09.820Z,IR,amzf
male,Mark,Mitchelle,2000-05-28T20:24:57.563Z,US,amzf
female,Altamira,Rocha,2000-02-15T18:21:56.157Z,BR,amzf
male,Rishi,Acharya,1973-11-07T22:04:47.294Z,IN,amzf
female,Marina,Lorenzo,1963-08-11T22:14:14.811Z,ES,amzf
female,Amber,Li,1948-06-22T16:35:26.364Z,NZ,amzf
male,Luis Miguel,Solís,1958-10-17T02:54:03.541Z,MX,amzf
female,Evy,Tuininga,1968-10-24T22:13:21.409Z,NL,amzf
male,Rudesindo,Cardoso,1946-06-16T07:01:17.046Z,BR,amzf
female,Sudimira,Babich,1973-05-22T05:33:07.632Z,UA,amzf
female,Doreen,Glas,1984-03-01T20:59:17.673Z,DE,amzf
male,Juan Carlos,Angulo,1975-02-05T11:37:29.466Z,MX,amzf
male,Syed,Kjørsvik,1959-12-12T22:40:45.411Z,NO,amzf
female,Orisya,Ginzburg,1975-09-02T02:49:09.719Z,UA,amzf
female,Özsu,Saygıner,1985-09-13T04:41:36.501Z,TR,amzf
male,Kerim,Beşok,1997-11-15T02:27:36.684Z,TR,amzf
female,Lucile,Dupont,1986-05-10T12:30:33.311Z,FR,amzf
male,Naser,Rousseau,1985-05-08T09:30:45.650Z,CH,amzf
male,Wayne,Henry,1958-03-15T21:56:03.840Z,US,amzf
female,Marilou,David,1972-01-05T16:31:06.864Z,FR,amzf
female,رها,نكو نظر,1953-05-05T03:17:58.965Z,IR,amzf
female,Rose,White,1946-04-11T18:33:36.943Z,NZ,amzf
male,Aiden,Liu,1999-03-18T17:29:25.549Z,CA,amzf
female,Raquel,Delgado,1968-01-24T15:53:32.056Z,ES,amzf
male,Daniel,Chu,1948-03-04T16:19:43.502Z,CA,amzf
female,Matilda,Løvli,1946-04-01T13:11:41.819Z,NO,amzf
male,Daniel,Vargas,1950-04-30T22:11:21.491Z,ES,amzf
female,Juana,Delgado,1980-03-19T15:32:57.427Z,MX,amzf
female,Verónica,Aguilar,1967-01-28T06:17:07.053Z,ES,amzf
female,Sumaya,Hotvedt,1983-01-27T23:34:03.036Z,NO,amzf
female,Amalie,Johansen,1957-09-30T20:39:42.154Z,DK,amzf
male,Coşkun,Duygulu,1950-05-12T00:39:13.928Z,TR,amzf
female,Avery,Ross,1968-09-14T17:13:14.484Z,CA,amzf
female,Soufiane,Netten,1987-06-29T12:38:44.899Z,NL,amzf
male,Samir,Hake,1985-09-21T06:02:39.122Z,DE,amzf
male,Anthony,Hubert,1953-05-16T05:13:21.833Z,FR,amzf
female,سارا,محمدخان,1978-02-04T00:12:05.229Z,IR,amzf
female,Radoslava,Luciv,1984-06-09T02:45:52.450Z,UA,amzf
male,نيما,احمدی,1947-05-07T12:47:34.184Z,IR,amzf
female,Edna,Rocha,1968-03-07T11:02:42.004Z,BR,amzf
female,Deniz,Kaplangı,1968-09-09T08:00:15.939Z,TR,amzf
male,Shchedrogost,Trocki,1961-12-24T15:18:27.522Z,UA,amzf
male,Jayden,Williams,1958-06-28T17:58:51.337Z,CA,amzf
female,Sanni,Lehtola,1996-04-24T02:24:59.991Z,FI,amzf
male,Horst,Riviere,1949-12-18T17:18:31.454Z,CH,amzf
female,Stacey,Lewis,1961-12-26T23:38:00.266Z,US,amzf
female,Esmay,Krikke,1968-01-30T09:18:38.551Z,NL,amzf
male,Jimi,Kotila,1999-01-19T20:39:35.900Z,FI,amzf
male,Derek,Hall,1945-07-16T22:59:12.086Z,IE,amzf
female,Freja,Jørgensen,1982-05-23T02:20:28.632Z,DK,amzf
female,Ngela,Fogaça,1948-01-16T17:11:45.992Z,BR,amzf
female,Daniela,Moya,1971-04-24T11:52:33.242Z,ES,amzf
female,Kazimira,Prihodko,1960-09-09T03:39:29.222Z,UA,amzf
male,پرهام,رضایی,1976-11-19T13:37:34.369Z,IR,amzf
female,Mariamna,Svinarchuk,1990-03-14T23:31:06.732Z,UA,amzf
male,Eduardo,Morales,1984-12-26T16:57:12.802Z,ES,amzf
female,Abby,Harper,1981-05-23T21:34:25.733Z,GB,amzf
male,Lubomir,Polić,1985-07-22T09:55:29.394Z,RS,amzf
male,Paulo,Mathieu,1958-08-17T10:48:48.202Z,CH,amzf
female,Irene,Romero,1948-02-20T18:32:16.330Z,ES,amzf
male,Abdurrahman,Hartlief,1949-05-20T23:45:57.618Z,NL,amzf
female,Marta,Suarez,1953-08-02T13:15:13.579Z,ES,amzf
female,Anabela,Laurent,1946-02-10T17:19:20.676Z,CH,amzf
female,Nikolina,Zeljković,1961-01-31T21:40:18.841Z,RS,amzf
female,یاسمن,حیدری,1985-02-01T06:21:22.785Z,IR,amzf
female,Lilly,Focke,1995-12-27T15:58:29.227Z,DE,amzf
male,Kirilo,Litvinenko,1982-11-10T05:03:50.994Z,UA,amzf
male,Nagesh,Shenoy,1963-01-13T11:35:37.365Z,IN,amzf
male,Gino,Hoffmeister,1966-07-21T06:20:16.916Z,DE,amzf
female,Amelia,Robinson,1953-09-21T16:02:20.404Z,GB,amzf
female,Constance,Blanchard,1970-09-08T15:14:13.377Z,FR,amzf
female,Nicole,Graves,1960-03-08T19:43:12.446Z,GB,amzf
male,Emre,Sandalcı,1974-06-21T22:52:37.936Z,TR,amzf
male,Julio,Ballesteros,1960-05-18T00:28:29.028Z,MX,amzf
male,Samesh,Bhoja,1995-03-10T20:16:03.384Z,IN,amzf
female,Rhonda,Flores,1971-11-05T16:44:19.714Z,US,amzf
female,Kim,Gilbert,1955-01-09T14:24:28.253Z,AU,amzf
male,Christof,Barbier,1966-09-03T06:56:44.680Z,CH,amzf
male,Leo,Hart,1968-07-04T10:01:43.964Z,IE,amzf
male,Kaya,Sinanoğlu,1972-02-26T18:20:29.752Z,TR,amzf
female,Lada,Terzić,1957-01-19T09:46:42.235Z,RS,amzf
female,Malou,Nielsen,1953-12-02T01:52:12.813Z,DK,amzf
male,Sebastian,Jackson,1952-04-03T05:27:53.732Z,NZ,amzf
male,Timoteo,Zapata,1945-08-31T21:10:00.190Z,MX,amzf
male,Pedro,Llamas,1999-07-27T14:27:32.439Z,MX,amzf
female,Leona,Horton,1947-05-15T12:17:51.170Z,US,amzf
male,Ismael,Mora,1975-10-06T09:40:49.486Z,ES,amzf
male,Brayden,Newman,1991-05-08T16:11:33.877Z,US,amzf
female,Elizabeth,Chen,1995-08-24T21:48:42.900Z,NZ,amzf
male,Milovan,Rašić,1967-11-09T00:22:43.139Z,RS,amzf
female,Marilou,Brown,1972-09-10T10:24:49.935Z,CA,amzf
female,Lena,Moulin,1953-11-02T01:50:03.542Z,CH,amzf
male,Wolf-Dieter,Schlicht,1976-02-05T01:47:07.284Z,DE,amzf
male,Victor,Lévesque,1961-12-21T04:19:00.478Z,CA,amzf
female,Dunja,Dokić,1958-12-21T11:32:26.565Z,RS,amzf
male,Alexis,Gagné,1950-06-09T01:34:42.328Z,CA,amzf
male,Anthony,Knight,1975-02-08T06:19:23.868Z,CA,amzf
female,Kelly,Roger,2000-12-27T14:26:06.102Z,CH,amzf
male,Anthony,Andrews,2000-03-13T15:20:00.064Z,IE,amzf
female,Kristin,Murphy,1964-01-04T17:44:54.750Z,AU,amzf
female,Montserrat,Iglesias,1948-02-11T00:55:10.393Z,ES,amzf
male,Thiago,Louis,1957-10-13T10:59:54.909Z,FR,amzf
male,Benjamin,Møller,1981-10-19T23:15:09.246Z,DK,amzf
female,Ingeborg,Robert,1996-06-16T09:59:24.513Z,CH,amzf
female,Elif,Renard,1951-06-30T04:06:14.464Z,CH,amzf
male,Nagraj,Mathew,1973-05-03T08:07:27.486Z,IN,amzf
female,Maëlle,Barbier,1963-03-05T01:23:03.612Z,FR,amzf
female,Korinna,Eichmann,1972-07-31T22:30:59.464Z,DE,amzf
female,Tatiana,Isaković,1991-05-04T09:08:23.519Z,RS,amzf
male,Nicolas,Leclerc,1993-01-14T11:41:20.266Z,FR,amzf
male,Robin,Carpentier,1950-02-19T14:24:59.865Z,FR,amzf
male,Lorenzo,Roque,1960-09-04T01:41:31.973Z,MX,amzf
male,Svirid,Shtokalo,1969-01-17T21:52:04.477Z,UA,amzf
female,Jeanne,Anderson,1964-05-15T01:40:08.816Z,CA,amzf
male,Anton,Thomsen,1983-06-26T07:57:44.547Z,DK,amzf
male,Oliver,Olsen,2001-02-12T14:00:13.360Z,DK,amzf
male,Konon,Dovganik,1964-04-23T16:17:11.517Z,UA,amzf
male,Christoffer,Poulsen,1982-05-18T19:37:00.943Z,DK,amzf
female,Heather,Barnes,1949-05-04T01:25:08.250Z,IE,amzf
female,Nina,Perez,1974-07-12T14:23:44.462Z,CH,amzf
male,رادین,کریمی,1985-12-16T14:51:50.525Z,IR,amzf
female,Nevena,Stefanović,1970-06-19T06:54:56.828Z,RS,amzf
male,Fredy,Moulin,1985-11-14T10:16:48.791Z,CH,amzf
male,Hodota,Yurevich,1987-10-21T03:09:00.563Z,UA,amzf
male,Cornelio,Carbajal,1996-12-25T22:49:48.082Z,MX,amzf
male,Leo,Bailey,1973-01-03T20:14:44.087Z,US,amzf
female,Licélia,Viana,1951-11-20T00:03:46.853Z,BR,amzf
male,Radomir,Kićanović,1996-11-03T23:43:53.927Z,RS,amzf
female,Mélody,Renard,1955-07-22T15:40:02.978Z,FR,amzf
female,Ornella,Chevalier,1994-11-20T01:16:18.345Z,CH,amzf
female,Imogen,White,1957-03-30T01:17:10.469Z,NZ,amzf
male,Jerome,Lopez,1984-01-09T20:26:13.250Z,AU,amzf
male,Logan,Ross,1971-12-31T04:32:03.204Z,CA,amzf
male,Glaúcia,Novaes,1983-07-17T05:15:58.314Z,BR,amzf
male,Nooa,Kuusisto,1985-09-23T23:36:03.373Z,FI,amzf
female,Laura,Howell,1996-12-07T04:35:32.673Z,IE,amzf
female,Sofia,Pedersen,1949-07-21T09:18:28.313Z,DK,amzf
female,Alcione,da Conceição,1996-03-25T17:48:35.728Z,BR,amzf
female,Mónica,Benítez,1997-06-25T05:48:38.854Z,ES,amzf
female,Martha,Buvik,1970-10-12T13:27:54.713Z,NO,amzf
female,Adina,Engebretsen,1959-07-02T15:30:20.464Z,NO,amzf
female,درسا,نجاتی,1953-03-17T05:42:17.065Z,IR,amzf
male,Nikolaj,Hansen,1966-03-20T19:18:59.301Z,DK,amzf
female,Freya,Cooper,1961-11-16T10:25:25.373Z,NZ,amzf
male,Eino,Kurtti,2000-10-16T10:22:33.894Z,FI,amzf
male,Ebe,Borghouts,1968-07-16T22:35:07.535Z,NL,amzf
female,Ilaine,Novaes,1984-07-21T16:12:02.451Z,BR,amzf
male,Bertram,Mortensen,1972-03-17T23:39:50.159Z,DK,amzf
female,Viivi,Suomi,1966-05-26T20:37:16.437Z,FI,amzf
male,Milton,Hanson,1947-02-11T12:30:19.989Z,IE,amzf
female,Hilla,Jarvinen,1974-12-06T10:04:52.767Z,FI,amzf
male,Fokke,Pors,1953-09-28T18:26:11.720Z,NL,amzf
male,Brayden,Little,1969-10-31T00:42:51.361Z,GB,amzf
male,Theodore,Pearson,1994-05-12T06:51:12.667Z,IE,amzf
male,Rasmus,Polon,1974-10-30T10:12:38.335Z,FI,amzf
male,Didier,Marie,1995-05-13T23:55:04.597Z,CH,amzf
male,Aatu,Kurtti,1982-06-12T22:58:21.597Z,FI,amzf
male,Gerhart,Bast,1969-05-22T09:33:06.864Z,DE,amzf
female,Melanie,Girard,1973-09-16T12:24:22.530Z,CH,amzf
male,Castelino,Lopes,1965-10-19T00:32:52.630Z,BR,amzf
female,Madelene,Nord,1947-12-05T11:41:17.272Z,NO,amzf
female,Olivia,Wang,1974-02-24T00:01:10.861Z,NZ,amzf
male,Wallace,Sullivan,1954-11-22T14:17:14.811Z,GB,amzf
male,Eckhardt,Tremmel,1983-04-04T07:15:07.228Z,DE,amzf
female,Magda,Mast,1958-03-16T21:11:03.134Z,DE,amzf
female,Minttu,Hokkanen,1960-01-07T02:43:23.582Z,FI,amzf
male,Kenan,Kasapoğlu,1966-04-26T08:19:08.062Z,TR,amzf
female,Barb,Mason,1955-07-13T03:56:50.459Z,GB,amzf
male,Milton,Armstrong,1988-03-01T01:00:00.894Z,GB,amzf
female,Emilia,Caron,1951-12-27T12:15:49.334Z,CH,amzf
female,Grishma,Shroff,1975-08-31T20:19:02.875Z,IN,amzf
female,Matilda,Harju,1956-11-01T11:18:45.182Z,FI,amzf
male,Benjamin,Ennis,1949-06-26T23:42:47.283Z,CA,amzf
male,Gaspard,Dupuis,1970-12-28T20:07:20.266Z,FR,amzf
female,Nina,Young,1949-11-05T13:48:51.463Z,AU,amzf
female,Lucimeri,Teixeira,1988-02-04T03:56:17.866Z,BR,amzf
female,Rose,White,1979-07-25T05:54:58.737Z,CA,amzf
male,Duane,Porter,1992-12-28T15:03:01.528Z,IE,amzf
female,Nathalie,Mathieu,1961-08-29T18:28:14.865Z,CH,amzf
female,Paola,Limón,1996-12-11T14:03:27.477Z,MX,amzf
male,Gonzalo,Lozano,1976-12-10T21:12:30.340Z,ES,amzf
male,Branko,Wopereis,1960-08-07T20:25:15.223Z,NL,amzf
male,Esteban,Crespo,1974-04-26T17:37:47.431Z,ES,amzf
male,German,Medina,1959-05-27T08:45:46.224Z,ES,amzf
female,Emilie,Johnson,1992-02-28T02:07:34.139Z,CA,amzf
male,Timothee,Fontai,1974-09-23T04:04:07.680Z,FR,amzf
female,Emily,Rasmussen,1978-05-08T20:17:25.441Z,DK,amzf
female,Sibylla,Bohne,1997-09-18T17:09:00.947Z,DE,amzf
male,Anthony,Jones,1953-02-05T05:03:21.759Z,CA,amzf
female,Sheryl,Hale,1998-06-12T19:50:41.454Z,IE,amzf
male,Adam,Walker,1973-07-19T01:48:49.295Z,NZ,amzf
female,Mestan,Düşenkalkar,1960-04-25T02:30:23.400Z,TR,amzf
female,Cassandra,Medina,1961-01-24T12:04:06.782Z,US,amzf
female,Peggy,Meyer,1965-09-23T22:54:22.624Z,US,amzf
female,Maria,Madsen,1967-04-26T17:09:09.538Z,DK,amzf
female,Olivia,Saarela,1997-11-06T11:32:25.983Z,FI,amzf
male,Austin,Walker,1980-12-14T10:59:19.707Z,NZ,amzf
female,آیلین,یاسمی,1955-10-02T23:55:19.241Z,IR,amzf
male,Friedhold,Rinke,1975-11-17T17:25:21.275Z,DE,amzf
male,Francisco,Arias,1978-11-02T23:07:32.562Z,ES,amzf
female,Heather,Jennings,1961-12-21T18:22:44.230Z,GB,amzf
male,Sem,Halma,1978-03-03T21:18:46.575Z,NL,amzf
female,Malou,Larsen,1981-03-11T08:26:39.675Z,DK,amzf
male,Rosario,Lucas,1984-06-12T06:30:37.382Z,CH,amzf
female,Sharlene,Ramirez,1974-04-30T00:33:32.495Z,US,amzf
male,Fatih,Dalkıran,1980-11-11T06:27:26.133Z,TR,amzf
female,Tanvi,Mathew,1945-09-29T06:15:43.111Z,IN,amzf
female,Lya,Rodriguez,1991-06-28T11:08:02.928Z,FR,amzf
female,Purificación,Morales,1969-09-04T13:12:05.066Z,ES,amzf
female,Diovalda,Pereira,1969-02-19T01:52:26.531Z,BR,amzf
female,Gaudência,Gomes,1949-09-13T21:26:52.104Z,BR,amzf
female,Milagros,Gómez,1994-01-16T00:06:34.272Z,ES,amzf
male,Bjørnar,Singh,1986-06-12T03:01:08.673Z,NO,amzf
male,Frederik,Møller,1955-09-26T14:24:07.770Z,DK,amzf
male,Brian,Dumont,1965-07-04T06:45:37.194Z,CH,amzf
male,Clifford,Holmes,1963-01-07T02:04:30.064Z,GB,amzf
male,Florent,Roux,1994-01-04T05:58:03.987Z,FR,amzf
female,Kimberly,Watkins,1965-08-13T19:51:50.096Z,IE,amzf
male,Jonathan,León,2000-02-10T09:24:00.045Z,ES,amzf
female,Lavanya,Uchil,1982-11-28T20:44:32.758Z,IN,amzf
female,زهرا,کریمی,1982-05-15T19:01:34.391Z,IR,amzf
female,Andrina,Rodriguez,1968-07-13T07:10:24.080Z,CH,amzf
female,Krin,Gonzales,1956-11-06T10:23:13.189Z,US,amzf
male,Bruno,Jean,1968-04-06T09:29:36.430Z,CH,amzf
female,Melissa,Rose,1989-03-21T09:09:23.215Z,IE,amzf
male,Antoniy,Hudenko,1995-07-29T05:27:03.887Z,UA,amzf
male,Dubravko,Simonović,1950-08-14T05:35:59.089Z,RS,amzf
female,Esparta,Pizarro,1945-03-11T01:49:31.441Z,MX,amzf
male,Wouter-Jan,Zwijnenberg,1982-10-26T06:48:51.755Z,NL,amzf
female,Mirjana,Erceg,1993-08-08T11:03:44.064Z,RS,amzf
male,Domingo,Arias,1988-10-29T12:02:29.380Z,ES,amzf
female,Rocío,Caballero,1993-12-30T03:59:26.287Z,MX,amzf
male,Jeremy,Addy,1986-08-18T11:05:24.377Z,CA,amzf
male,Filip,Dahlen,1965-10-08T03:04:11.662Z,NO,amzf
female,Sofija,Mandić,1971-07-06T22:45:27.023Z,RS,amzf
female,Sara,Waara,1991-08-28T03:56:15.870Z,FI,amzf
female,Helmi,Mantyla,1971-08-25T04:16:24.349Z,FI,amzf
female,Madison,Harris,1956-11-13T01:34:13.196Z,CA,amzf
male,Dragutin,Nađ,1977-08-05T15:26:13.681Z,RS,amzf
male,Elliot,Addy,1952-01-29T16:33:43.864Z,CA,amzf
male,Joseph,Wright,1993-04-20T03:11:43.825Z,NZ,amzf
female,Aada,Makinen,1997-11-13T17:11:30.980Z,FI,amzf
female,Paige,Lane,1967-10-09T23:55:52.195Z,IE,amzf
female,Aurore,Marchand,1967-02-17T20:50:28.558Z,CH,amzf
male,Vicêncio,Barros,1957-06-22T23:18:00.225Z,BR,amzf
female,Nelli,Waara,1967-07-03T17:01:54.323Z,FI,amzf
female,Meenakshi,Mendonsa,1954-01-06T06:22:30.723Z,IN,amzf
male,Javier,Davidson,1956-11-20T19:28:07.655Z,US,amzf
female,Teresa,Herrero,1965-11-14T21:25:06.240Z,ES,amzf
male,Clyde,Murray,1948-11-11T00:54:27.889Z,AU,amzf
male,Emmett,Aanerud,1974-08-08T13:16:13.773Z,NO,amzf
female,Hailey,Øglænd,1962-06-26T10:14:24.188Z,NO,amzf
female,Ülkü,Atan,1991-12-26T01:38:12.992Z,TR,amzf
male,Artur,Burkert,1980-10-30T03:39:18.166Z,DE,amzf
male,Frederikke,Kristensen,1971-01-03T09:27:34.722Z,DK,amzf
male,Isolino,Moreira,1969-07-06T17:51:55.146Z,BR,amzf
male,Pablo,Rubio,1955-03-21T23:10:34.085Z,ES,amzf
female,Teresa,Silva,1957-12-08T12:06:36.541Z,US,amzf
male,Evan,Roche,1948-02-03T12:17:38.694Z,FR,amzf
male,Ewen,Petit,1975-08-31T13:08:16.379Z,FR,amzf
female,Franziska,Rausch,1964-09-16T07:47:57.169Z,DE,amzf
female,Lærke,Haukedal,1952-09-30T13:29:47.378Z,NO,amzf
male,Clayton,Coleman,1977-04-07T22:54:44.435Z,IE,amzf
female,Lana,Dumas,1976-06-10T16:35:23.611Z,FR,amzf
female,Clara,Margaret,1996-01-06T01:48:56.010Z,CA,amzf
male,Milan,Roussel,1990-05-13T03:48:02.373Z,CH,amzf
female,Tereza,Bezkrovniy,1963-06-01T16:08:20.879Z,UA,amzf
female,Diana,Rhodes,1966-01-13T14:51:07.020Z,US,amzf
female,Ivonete,Souza,1958-02-16T06:30:27.762Z,BR,amzf
female,Consuelo,Márquez,1996-10-31T06:25:15.510Z,ES,amzf
female,Amanda,Polon,1987-04-13T09:20:23.324Z,FI,amzf
female,Maritta,Rosemann,1954-09-02T17:28:25.468Z,DE,amzf
female,Emmelin,Sarwar,1982-03-04T03:04:17.960Z,NO,amzf
female,Maria,Tripković,1989-03-20T12:55:40.225Z,RS,amzf
female,Brittany,Fox,1954-02-21T23:26:57.742Z,IE,amzf
female,Michèle,Carpentier,1948-03-30T18:06:07.159Z,CH,amzf
female,Dolores,Caballero,1954-11-28T01:11:58.115Z,MX,amzf
female,Krasnovida,Hrun,1950-09-19T08:32:42.155Z,UA,amzf
male,Iwan,Reischl,1987-10-11T07:53:55.058Z,DE,amzf
male,Aarão,Moura,1954-11-12T02:21:52.590Z,BR,amzf
male,Lorenzo,Benítez,1988-11-08T11:53:53.941Z,ES,amzf
female,Anneli,Weimann,1987-11-26T05:43:35.837Z,DE,amzf
male,Constâncio,Moraes,1952-07-01T12:41:52.958Z,BR,amzf
male,Miodrag,Terzić,1977-07-17T02:51:09.359Z,RS,amzf
female,Jane,Scott,1950-09-25T11:28:55.201Z,AU,amzf
male,Jonathan,Anderson,1955-04-06T05:08:40.214Z,US,amzf
male,Väinö,Kyllonen,1997-12-02T08:47:32.090Z,FI,amzf
male,Dragoslav,Selaković,1973-07-25T22:27:47.234Z,RS,amzf
male,Stanimir,Vidić,1948-10-07T20:40:26.557Z,RS,amzf
female,الینا,قاسمی,1960-01-15T02:35:21.672Z,IR,amzf
male,Caíco,Lima,1984-12-30T17:04:17.828Z,BR,amzf
female,Hayley,Jones,1987-07-19T03:36:31.481Z,NZ,amzf
male,Volkan,Öztonga,1971-08-02T17:20:08.637Z,TR,amzf
male,Liam,Noel,1999-06-23T14:35:10.250Z,CH,amzf
female,Marguerite,Philippe,1953-07-08T00:56:30.173Z,CH,amzf
female,Aída,da Cruz,1978-04-16T19:53:51.497Z,BR,amzf
male,Oliver,Perko,1989-05-22T05:49:01.594Z,FI,amzf
female,Victoria,Christiansen,1988-05-03T22:05:46.685Z,DK,amzf
female,Korina,Troshchenko,1972-01-24T02:16:23.049Z,UA,amzf
female,Joyce,Graham,1946-09-29T08:05:34.464Z,AU,amzf
female,Sadie,Jackson,1969-08-02T13:56:21.325Z,NZ,amzf
male,Armin,Petersen,1970-01-03T10:57:48.547Z,DE,amzf
female,Maja,Petersen,1950-07-06T17:50:09.692Z,DK,amzf
female,Abigail,Andrews,1959-11-29T08:51:01.790Z,US,amzf
male,Claude,Pierce,1980-07-04T16:12:05.898Z,IE,amzf
female,Jandira,Rodrigues,1959-12-20T17:52:34.250Z,BR,amzf
male,Oğuzhan,Dağdaş,1992-04-03T23:53:22.640Z,TR,amzf
female,Giovanna,Louis,1959-06-30T17:20:12.052Z,CH,amzf
female,Sara,Navarro,1965-03-27T20:39:18.704Z,ES,amzf
female,Andrea,Bennett,1959-07-23T03:07:38.847Z,GB,amzf
male,Bjørn,Våge,1998-01-24T11:35:42.468Z,NO,amzf
male,Mons,Isene,1954-01-06T07:08:23.056Z,NO,amzf
female,Julia,Hannula,1986-08-13T19:22:20.072Z,FI,amzf
male,Chernin,Zasenko,1969-08-16T22:09:15.228Z,UA,amzf
male,Luis,Mireles,1997-08-16T19:02:39.067Z,MX,amzf
male,Marcus,Abraha,1980-04-19T08:57:43.900Z,NO,amzf
male,Joan,Romero,2000-07-24T04:09:00.658Z,ES,amzf
female,Naja,Nielsen,1954-05-02T22:20:27.680Z,DK,amzf
female,Eleanor,Carroll,1956-05-01T09:04:17.460Z,US,amzf
female,Annique,Geurtsen,1973-06-22T16:39:44.369Z,NL,amzf
female,Charlotte,Lewis,1982-11-29T14:47:31.597Z,NZ,amzf
female,Anica,Pištalo,1998-03-27T00:02:52.046Z,RS,amzf
male,Albert,Poulsen,1981-12-22T18:05:03.960Z,DK,amzf
female,Emilia,Tempel,1946-03-06T08:36:01.218Z,DE,amzf
female,Gül,Aclan,1981-03-11T10:13:46.373Z,TR,amzf
male,Philip,Walker,1998-02-20T15:57:12.265Z,CA,amzf
male,Çetin,Kulaksızoğlu,1959-12-22T09:57:25.747Z,TR,amzf
male,Nicolas,Gaillard,1971-06-17T01:08:01.780Z,CH,amzf
male,Nirav,Keshri,1997-06-03T18:29:41.487Z,IN,amzf
female,Alma,Nielsen,1996-02-25T00:03:11.038Z,DK,amzf
female,Tabita,Silva,1993-01-14T02:55:30.601Z,BR,amzf
female,Altiva,Rodrigues,1979-06-17T22:32:08.051Z,BR,amzf
female,Abril,Villagómez,1981-11-18T23:54:05.387Z,MX,amzf
male,Aiden,Soto,1955-01-06T09:58:21.634Z,AU,amzf
male,Praneel,Anchan,1953-12-02T21:06:56.135Z,IN,amzf
female,Alma,Gutiérrez,1998-06-20T12:51:10.696Z,MX,amzf
female,Malou,Jensen,1965-07-22T13:32:30.555Z,DK,amzf
male,Abeer,Shah,1955-11-18T00:10:23.249Z,IN,amzf
female,Lilou,Durand,1990-10-29T07:17:58.520Z,FR,amzf
female,Ann-Kathrin,Saller,1962-03-25T17:59:58.138Z,DE,amzf
female,Alice,Anderson,1976-08-23T20:34:53.780Z,IE,amzf
male,Enrique,Silva,1996-01-05T13:16:08.968Z,US,amzf
male,Lucas,Naranjo,1963-04-12T09:09:15.820Z,MX,amzf
female,Adelina,Salko,1987-07-08T20:10:28.793Z,UA,amzf
female,Sofia,Møller,1999-05-17T21:07:17.453Z,DK,amzf
female,Kira,Sverdrup,1986-04-23T21:16:37.741Z,NO,amzf
male,Leif,Helstad,1960-07-18T17:02:20.739Z,NO,amzf
female,Nisha,Shukla,2001-05-23T14:27:33.482Z,IN,amzf
female,Monika,Nolting,1947-03-04T15:52:35.607Z,DE,amzf
male,Gabriel,Ibáñez,1986-06-19T08:16:45.810Z,ES,amzf
male,Nicolas,Chu,1962-07-30T14:13:11.828Z,CA,amzf
male,Pablo,Holguín,1956-03-13T22:09:40.253Z,MX,amzf
male,Emre,Polat,1944-12-12T16:51:56.862Z,TR,amzf
female,Ostromira,Tokarchuk,1974-04-30T19:21:47.387Z,UA,amzf
male,Erik,Dumont,1960-08-09T15:28:33.297Z,CH,amzf
female,Ishita,Prabhakaran,1967-07-04T09:26:03.134Z,IN,amzf
male,Huibrecht,Nolten,1978-06-14T18:03:59.731Z,NL,amzf
male,Juriaan,Starke,1979-02-27T11:41:49.158Z,NL,amzf
female,Scarlett,Hughes,1995-10-17T11:32:27.041Z,NZ,amzf
female,Ellen,Turner,1948-11-14T06:32:21.910Z,IE,amzf
female,Suzanne,Clark,1969-08-02T00:28:25.644Z,GB,amzf
female,Rebekka,Neitzel,1953-02-06T19:11:11.887Z,DE,amzf
female,Rakshitha,Shetty,1983-03-13T15:43:33.261Z,IN,amzf
male,Raj,Saha,1956-08-15T11:38:42.295Z,IN,amzf
male,Jacob,Larsen,1967-06-27T02:15:58.508Z,DK,amzf
female,Victoria,Lynch,1944-09-20T12:35:37.423Z,IE,amzf
female,Lea,Abdi,1988-10-31T23:27:51.993Z,NO,amzf
male,Marc,López,1980-06-02T06:37:22.669Z,ES,amzf
female,Begüm,Tütüncü,1951-12-13T00:28:17.012Z,TR,amzf
male,Aiden,Green,1955-03-01T07:37:32.043Z,NZ,amzf
female,Lidia,Muñoz,1970-09-10T17:58:03.210Z,ES,amzf
male,Onur,Tahincioğlu,1989-06-21T05:22:18.146Z,TR,amzf
male,Adem,Mertoğlu,1959-01-19T21:22:09.140Z,TR,amzf
female,Sangeetha,Fernandes,1980-11-21T13:53:34.241Z,IN,amzf
female,Nalan,Elçiboğa,1978-05-01T06:50:11.214Z,TR,amzf
male,Logan,Little,1971-12-08T20:01:20.313Z,AU,amzf
male,Felix,Chow,1983-06-14T15:51:49.248Z,CA,amzf
male,Novak,Ignjatović,1996-03-22T12:19:07.553Z,RS,amzf
female,Saranya,Banerjee,1989-11-27T23:43:01.274Z,IN,amzf
female,Mélissa,Bertrand,1983-03-13T08:43:58.585Z,FR,amzf
female,Florisbela,da Mota,1960-06-10T00:51:01.587Z,BR,amzf
male,Ragnar,Juvik,1982-09-23T19:52:51.475Z,NO,amzf
female,Becky,Newman,1963-08-08T05:35:17.580Z,IE,amzf
male,Víctor,Guajardo,1948-07-10T14:46:26.400Z,MX,amzf
female,Iva,Rašić,1983-07-24T12:40:20.333Z,RS,amzf
female,Méline,Dupont,1959-11-30T00:01:22.681Z,FR,amzf
male,Idris,Tiller,1993-10-29T05:13:43.578Z,NO,amzf
male,Vilho,Toivonen,1962-07-25T16:27:55.349Z,FI,amzf
female,Carlota,Caldeira,1946-12-21T07:19:30.605Z,BR,amzf
female,Clara,Campbell,1965-08-10T08:04:57.723Z,CA,amzf
female,Guillermina,Arguello,2000-01-14T23:50:03.021Z,MX,amzf
female,Toni,Parker,1985-05-27T04:14:18.383Z,US,amzf
male,Jaxon,Jackson,1977-07-15T11:06:09.289Z,NZ,amzf
male,Dustin,Kim,1976-11-24T07:12:30.614Z,AU,amzf
male,Ljubisav,Đokić,1955-08-30T21:09:26.893Z,RS,amzf
female,Nicoline,Larsen,1956-01-16T09:57:29.853Z,DK,amzf
male,Duane,Lambert,1999-06-25T22:31:56.836Z,US,amzf
female,Rachel,Leroux,1973-12-31T11:57:26.890Z,FR,amzf
female,Marina,Tešić,1978-10-10T17:25:37.507Z,RS,amzf
female,Sheryl,Pierce,1976-07-07T14:09:41.028Z,GB,amzf
male,Chad,Ferguson,1957-08-15T07:54:40.413Z,AU,amzf
