gender,first_name,last_name,dob,country_code,app_name
female,Fevroniya,Ilyuk,2001-07-22,BG,amzf
female,Iolita,Duarte,1980-12-13,KR,amzf
male,Samuel,Cooper,1987-09-17,AU,amzf
male,Zoran,Lucas,1992-07-10,DE,amzf
female,Aurora,Jones,1982-10-02,LU,amzf
female,Kristine,Laumann,1992-11-02,US,amzf
male,Bob,Johnson,1997-11-04,FR,amzf
male,Cameron,Washington,1982-01-02,TW,amzf
female,Emily,Møller,1998-01-31,,amzf
male,Richel,Keppel,2003-06-06,CN,amzf
male,Borivoje,Šakić,1997-09-22,ZA,amzf
male,Jakob,Schult,1985-12-10,ZA,amzf
female,Maëlia,Deschamps,2002-05-03,CN,amzf
female,Deborah,Davis,1999-01-04,BR,amzf
female,Latife,Sarıoğlu,2007-05-30,,amzf
female,Thea,Wang,1984-03-14,US,amzf
male,شایان,حسینی,1980-12-01,CN,amzf
male,Owen,Franklin,2008-08-12,CA,amzf
male,Agustín,Alemán,1982-04-15,US,amzf
male,Elzeário,Costa,2004-03-01,US,amzf
male,Loan,Petit,1989-07-20,FR,amzf
female,Geessien,Van Wissen,2008-09-25,CN,amzf
male,Emilio,Denis,2007-03-18,US,amzf
female,Reema,Mardhekar,2006-09-24,DE,amzf
male,Armando,Willis,1981-11-25,DE,amzf
male,Oliver,Rasmussen,1983-10-03,JP,amzf
male,Borja,Vidal,1982-01-15,US,amzf
female,Aracema,Vieira,1992-05-16,CN,amzf
male,Anton,Sørensen,1994-11-30,US,amzf
female,Pihla,Niska,2007-04-28,JP,amzf
female,Marcíntia,Nascimento,1998-06-28,US,amzf
male,Steven,Howard,1998-12-06,US,amzf
female,Anja,Ballestad,1998-07-18,CN,amzf
female,Evertine,Van Damme,1982-02-28,,amzf
female,Gabriela,Kunert,2006-02-24,US,amzf
female,Sanni,Autio,1986-06-12,US,amzf
male,Valerio,Joly,1980-05-22,PL,amzf
female,Selma,Kunkel,2001-01-05,US,amzf
female,Kassandra,Kuchma,2003-05-28,US,amzf
male,Tanmay,Suvarna,1992-03-09,CN,amzf
female,Emma,Brown,1984-01-11,DE,amzf
male,Willard,Young,1991-03-04,US,amzf
male,Svitodar,Gunko,1985-09-06,CA,amzf
male,Leon,Rodriguez,1993-05-24,US,amzf
male,Maurice,Leclercq,2009-12-15,BR,amzf
male,Angelino,Moraes,1999-08-03,US,amzf
female,Isla,Kumar,1996-06-06,GB,amzf
male,Frederikke,Thomsen,2004-04-11,AT,amzf
female,Damaris,Dumont,2000-11-20,CN,amzf
female,Maëlys,Blanchard,1986-04-25,CN,amzf
male,Harald,Rousseau,2005-08-08,SG,amzf
male,Fernando,Watson,2008-10-10,US,amzf
male,Landon,Day,1984-09-02,JP,amzf
male,Eelis,Kivisto,1997-03-03,US,amzf
female,Lilly,Taylor,1989-02-23,US,amzf
male,Hugo,Walker,2008-06-06,US,amzf
male,Zacarías,Zarate,1980-04-30,US,amzf
female,Delphine,Tremblay,1983-08-10,DE,amzf
male,Philip,Olsen,1984-09-28,CN,amzf
male,Billy,Ditlefsen,1984-05-23,US,amzf
male,Charlie,George,1988-03-07,GR,amzf
male,Jolan,Koert,2006-10-28,US,amzf
female,Minea,Manner,1997-04-30,US,amzf
male,Nathan,Williams,2008-08-22,US,amzf
female,Emilie,Johansen,2002-09-02,CN,amzf
male,Mita,Vilotić,1982-05-28,US,amzf
male,Jay,Soto,1999-09-25,ZA,amzf
female,Pallavi,Bhat,1981-10-19,,amzf
male,Andre,Asbjørnsen,2007-04-28,JP,amzf
female,Pratima,Kini,1986-04-26,AU,amzf
female,Silvana,Caron,2008-10-16,,amzf
male,Herédio,Novaes,1983-09-15,BR,amzf
female,Wanda,Keller,2003-06-09,GB,amzf
male,Barry,Crawford,1991-03-19,,amzf
male,Jordan,Meunier,1989-02-04,GR,amzf
male,Jonathan,Hansen,1999-04-13,US,amzf
male,Johnny,Harrison,1983-03-13,,amzf
male,Rick,Rivera,1982-05-08,US,amzf
female,Florentine,Schult,2000-04-29,DE,amzf
male,Cord,Lutz,1980-08-31,US,amzf
female,Lida,Rezende,1990-11-10,JP,amzf
male,Benjamin,Uithol,1983-06-22,US,amzf
female,Josefina,Rubio,1995-05-06,GB,amzf
male,Horacio,Menchaca,1986-09-30,US,amzf
male,Brian,Sivertsen,1981-02-01,CN,amzf
male,Otto,Makinen,1999-10-29,JP,amzf
female,Silke,Johansen,2006-08-16,US,amzf
female,Tracy,Fuller,1986-07-19,CA,amzf
male,José María,Benavides,2002-07-20,US,amzf
female,Cécile,Vervloet,2000-04-20,JP,amzf
female,Ludwina,Weigl,1998-06-11,CA,amzf
male,Patrick,Willis,1992-11-14,US,amzf
male,Semirad,Vergun,1990-08-04,PE,amzf
male,Virgil,Neal,1989-12-24,FI,amzf
male,Derk-Jan,Van Elderen,2006-11-29,US,amzf
male,Leo,Hudson,2004-02-09,GR,amzf
male,Gerhart,Korn,1996-02-15,US,amzf
male,Nicolas,Montero,2007-01-26,DE,amzf
female,Ann,Obrien,1983-06-19,,amzf
male,Emil,Wallo,2002-03-14,US,amzf
female,Christin,Kliem,2008-09-05,US,amzf
female,Anna,Santiago,2008-09-21,DE,amzf
female,Ely,Ferreira,1982-01-20,ES,amzf
female,Oona,Lassila,2009-07-05,US,amzf
male,Alex,Johnson,1986-11-08,US,amzf
male,Çetin,Kavaklıoğlu,1987-10-03,CH,amzf
male,Gustav,Jørgensen,2003-10-11,US,amzf
female,Lea,Madsen,1995-02-06,,amzf
male,Jesus,Masson,2005-10-29,US,amzf
male,Luis,Fontai,2002-12-06,RU,amzf
female,Poppy,Edwards,2008-07-30,,amzf
male,Vincent,Thomas,2001-10-28,IN,amzf
male,Fatmir,Lambert,1980-10-27,US,amzf
male,Ladimir,Shiray,1982-01-31,US,amzf
male,Mohamed,Grande,1982-01-12,HK,amzf
female,Naja,Jørgensen,1991-10-04,BE,amzf
male,Jacob,Ambrose,1987-11-05,NL,amzf
female,Dolores,Lewis,1999-11-19,US,amzf
female,Vaibhavi,Bhoja,2009-06-01,US,amzf
male,Niilo,Nevala,1999-01-30,FR,amzf
male,Yagnesh,Rai,1991-11-11,CZ,amzf
male,Charlie,Coleman,1993-08-20,CN,amzf
female,Maja,Vidić,1985-05-23,AU,amzf
female,Gunhild,Røssland,2008-06-24,US,amzf
female,Edita,Pulles,2002-07-26,GB,amzf
male,Julio,Herrero,2004-07-10,US,amzf
male,Alberto,Almonte,2005-06-09,,amzf
female,Silje,Larsen,2002-07-24,BR,amzf
male,Tristan,Andersen,2004-11-07,US,amzf
male,Danilo,Teodosić,1997-03-19,DE,amzf
male,Cecil,Newman,1991-01-10,,amzf
male,Zvezdan,Ivanović,1991-11-22,US,amzf
male,Friedemann,Bonn,1998-06-28,US,amzf
female,Mila,Lewis,1998-12-06,US,amzf
female,Katie,Walker,2009-10-29,BR,amzf
female,Roxane,Lefevre,1993-08-17,BG,amzf
male,Mariano,Robledo,1982-05-31,US,amzf
male,Uriel,Pulido,1982-04-08,IN,amzf
male,Godefridus,Moed,1984-12-18,US,amzf
female,Pauline,Stephens,2002-05-08,,amzf
female,Clara,Ross,1985-06-22,,amzf
female,Nishitha,Belligatti,2009-06-26,,amzf
female,Gundula,Poth,1983-06-26,FI,amzf
female,Océane,Lucas,1984-06-04,,amzf
female,Bratislava,Ilić,1990-11-08,US,amzf
male,Nolhan,Brun,1998-07-09,CN,amzf
male,Eren,Koçoğlu,2008-02-25,US,amzf
male,Maxime,Pelletier,1980-01-03,CN,amzf
male,Efe,Aybar,2009-04-01,MG,amzf
female,Fatima,Dill,1981-08-10,IL,amzf
female,Aparna,Mardhekar,1991-03-10,NL,amzf
female,Clara,Christiansen,1997-06-03,US,amzf
male,Vladislav,Šijan,2005-01-06,US,amzf
female,Sarah,Menard,1988-05-29,BE,amzf
male,Evan,Silva,1993-04-27,,amzf
female,Harriet,Dohrmann,2003-11-03,DE,amzf
female,Oya,Kunter,1997-12-11,US,amzf
female,Yolanda,Ramírez,1985-12-27,,amzf
male,Josif,Žikić,2001-12-01,US,amzf
female,Eleanor,Freeman,1991-02-06,KR,amzf
female,Ella,Edwards,1990-11-16,FR,amzf
male,Olivier,Addy,2000-04-20,US,amzf
female,Ina,Verkooijen,1980-02-23,US,amzf
male,Bratislav,Ivanić,2001-01-18,US,amzf
female,Julie,Legrand,2009-07-26,US,amzf
male,Brandon,Mitchelle,1993-10-04,AU,amzf
female,Larisa,Omelyanenko,1984-06-02,US,amzf
female,ستایش,یاسمی,2009-02-07,TW,amzf
male,Dustin,Nguyen,1998-05-20,ZA,amzf
female,Violet,Jacobs,1997-10-18,US,amzf
male,Chris,Skogseth,1984-11-12,US,amzf
male,Aziz,Krieg,2002-07-08,US,amzf
female,Sofia,Johansen,1986-06-10,GB,amzf
male,Jaxon,Harris,1998-05-05,US,amzf
male,Davut,Babacan,2000-08-25,US,amzf
female,Rosmarie,Pierre,1984-12-25,KR,amzf
male,Jean,Carpentier,2006-11-08,US,amzf
female,باران,حسینی,2007-05-14,KR,amzf
female,Jasmine,Park,2005-10-12,US,amzf
male,Bértil,Peixoto,1990-12-05,JP,amzf
male,Anton,Christiansen,1993-02-12,,amzf
female,Ella,Johnston,2001-05-26,,amzf
male,Ivan,Philippe,2006-06-24,US,amzf
male,Elliot,Valvik,1984-02-03,,amzf
female,Victoria,Reid,1984-07-04,US,amzf
female,Ria,Eberle,1987-09-12,,amzf
male,طاها,كامياران,2007-12-20,AU,amzf
male,Babür,Ayverdi,1998-12-24,,amzf
female,Sara,Jørgensen,1995-10-01,US,amzf
female,Asta,Nielsen,1999-01-14,US,amzf
female,Mila,Li,2001-12-05,US,amzf
male,Bendik,Malvik,2001-12-18,US,amzf
male,Lubomir,Kapetanović,1981-02-10,,amzf
male,Bekir,Doeleman,1991-07-18,US,amzf
female,Séléna,Marie,1984-08-21,US,amzf
female,Volodimira,Korkishko,1995-07-20,IT,amzf
female,Lucille,Barnes,2005-03-29,IN,amzf
female,Vildan,Çetiner,2003-09-07,JP,amzf
male,Mille,Nielsen,2004-10-12,CZ,amzf
female,Romana,Silva,2008-08-09,CN,amzf
female,Sophie,Green,1986-03-03,FR,amzf
female,Lene,Hannisdal,1992-02-26,VE,amzf
male,Arthur,Crawford,1995-12-15,CN,amzf
female,Hailey,Miller,1992-08-16,TW,amzf
female,Aysel,Köhne,1987-06-23,EG,amzf
male,میلاد,رضایی,1998-05-25,US,amzf
male,Ahmad,Underhaug,1986-01-04,,amzf
male,Hugo,Adam,1988-04-27,HK,amzf
female,Holly,Richards,1992-08-25,US,amzf
male,Veeti,Jarvinen,2005-06-28,US,amzf
female,Jucélia,Nunes,2000-03-11,CN,amzf
female,Korneliya,Yachevskiy,2007-01-18,,amzf
female,Inssaf,De Gier,1982-04-30,NG,amzf
female,Karla,Larsen,1996-09-06,KR,amzf
female,Janaína,Pereira,1991-10-14,US,amzf
female,Pauline,Adam,1999-08-26,US,amzf
male,Dominic,Wiechmann,1982-08-24,US,amzf
male,Giray,Tekelioğlu,1983-07-12,US,amzf
female,Katerina,Reiß,2000-01-14,US,amzf
male,Hardy,Janzen,1984-09-20,DE,amzf
male,Colin,Rusten,2000-09-30,US,amzf
male,Noah,Ross,1999-01-04,JP,amzf
female,Sanja,Španović,1991-11-03,KR,amzf
female,Bella,Thomas,1984-01-14,US,amzf
male,Yasin,Hagen,1987-08-13,CN,amzf
female,Lily,Roberts,2004-02-04,SE,amzf
male,Logan,Harvey,1995-10-19,TW,amzf
male,Dino,Joly,2009-03-27,CH,amzf
female,Anika,Suvarna,2007-07-03,BR,amzf
male,Eren,Çatalbaş,2003-08-31,US,amzf
male,Eberardo,Lima,1991-08-02,US,amzf
female,Loretta,Graham,2007-12-16,US,amzf
female,Viivi,Lakso,1989-08-20,IT,amzf
female,Emilia,Rantanen,2000-12-26,US,amzf
female,Celina,Arnold,2004-05-03,,amzf
male,Rui,Leroux,2003-10-13,KR,amzf
male,Mathew,Long,2004-01-05,GB,amzf
male,Don,Brooks,2000-04-28,,amzf
male,Rasmus,Petersen,2007-04-22,TW,amzf
female,Ine,Van Noort,1987-05-08,VE,amzf
male,Dan,May,1993-02-24,ES,amzf
female,Irmelin,Idsø,2008-02-02,US,amzf
female,Goda,Skevik,1981-09-04,VN,amzf
male,Momčilo,Cvetković,1993-02-24,US,amzf
female,Maddison,Weaver,2000-09-29,KR,amzf
female,Alma,Norland,1986-01-22,US,amzf
male,Ivano,Rolland,2002-05-12,CN,amzf
female,Lorraine,Walters,1982-02-02,FR,amzf
female,Siiri,Rintala,1991-02-22,US,amzf
male,Lambert,Marijnissen,1985-03-01,AU,amzf
female,Marie,Andersen,2003-01-11,US,amzf
female,Lada,Živadinović,2002-06-11,US,amzf
female,Anniken,Følstad,1991-04-06,US,amzf
female,Victoria,Bélanger,2004-11-22,CN,amzf
male,Charles,Mackay,1986-08-09,MX,amzf
female,Socorro,Moreira,2002-06-01,UG,amzf
female,Amelia,Mackay,2000-11-28,JP,amzf
female,Abigail,Williams,1994-12-25,MA,amzf
male,Maxence,Le Gall,1986-06-03,CD,amzf
female,Ömür,Türkyılmaz,1996-10-16,,amzf
female,Remedios,Esteban,1987-10-19,DE,amzf
female,Indira,Escobar,2007-11-14,KR,amzf
female,Elaine,Cruz,1996-03-12,CN,amzf
female,Francesca,Martinez,1985-02-28,US,amzf
female,Amy,Roy,2009-10-06,,amzf
female,Savannah,Wang,2006-01-09,,amzf
male,اميرمحمد,سالاری,2000-01-01,JP,amzf
male,Leif,Pfeifer,1984-05-21,DE,amzf
female,Leah,Kvaløy,1994-10-10,US,amzf
male,Pierre,Alber,1993-01-07,CN,amzf
female,Tanja,Bourgeois,1998-03-14,DE,amzf
female,Esther,Ortega,1986-09-10,EG,amzf
male,Gaëtan,Berger,2000-04-19,BR,amzf
female,Heidelinde,Schümann,2006-09-17,JP,amzf
female,Josephine,Hatteland,2004-05-25,US,amzf
female,Emmely,Versteeg,1987-09-09,US,amzf
male,Hans-Georg,Röser,2000-11-16,,amzf
male,Jacob,Denys,1984-11-30,US,amzf
male,Kelly,Soto,1995-10-02,CA,amzf
female,Gesina,Van Yperen,1998-01-22,BR,amzf
male,آرمین,نجاتی,2007-01-24,US,amzf
female,الینا,نكو نظر,1994-05-01,,amzf
female,Lea,Olsen,1982-08-20,JP,amzf
male,Fábio,Jesus,1999-05-03,DE,amzf
female,Ceylan,Bayındır,1995-11-07,GB,amzf
female,Zora,Cvetković,2004-06-28,US,amzf
female,مارال,سهيلي راد,1986-04-25,US,amzf
female,Melania,Žikić,1995-11-03,,amzf
female,Kylie,Vasquez,1992-11-04,BF,amzf
male,Benjamin,Christiansen,2007-02-28,,amzf
male,Darren,Flores,2009-03-23,,amzf
male,Krsto,Babić,1987-05-10,,amzf
male,Morris,Holt,2007-05-12,BR,amzf
male,Gabriel,Bishop,2004-03-29,US,amzf
female,Laurie,Slawa,1980-08-21,GB,amzf
female,هستی,کامروا,1997-09-22,NL,amzf
male,Koray,Akbulut,1989-07-13,AU,amzf
female,Bazhana,Shvedchenko,2008-12-03,DE,amzf
male,Mathis,Lecomte,1984-12-03,GB,amzf
male,Dev,Andrade,1992-01-09,JP,amzf
male,Eckehard,Rupp,1987-11-19,CN,amzf
male,Morris,Welch,1987-04-21,US,amzf
female,Dragana,Blagojević,1999-03-12,US,amzf
male,Jackson,Taylor,1989-03-11,,amzf
male,Marcus,Graves,1986-05-28,US,amzf
male,Necati,Dağlaroğlu,1995-08-22,CA,amzf
male,Falk,Berdal,1996-06-24,ID,amzf
female,Latife,Karaduman,1997-09-05,IE,amzf
male,Victor,Poulsen,1981-11-06,KR,amzf
male,Roland,Hudson,1998-01-07,US,amzf
female,Ellen,Vargas,1991-05-02,US,amzf
female,Kassiane,Fernandes,1995-10-13,,amzf
male,Tatiano,Rocha,1994-11-02,IT,amzf
female,Miriam,Benítez,1989-04-06,,amzf
female,Scarlett,Thomas,1999-11-16,JP,amzf
female,Louise,Ribeiro,1991-09-02,US,amzf
female,Julia,Lavoie,1998-07-19,US,amzf
male,Yusuf,Noel,2006-08-26,,amzf
female,Ishita,Singh,1986-04-13,KR,amzf
male,Oliver,Ahonen,1982-04-22,ES,amzf
female,Penny,Wheeler,1995-04-18,CH,amzf
male,Oğuzhan,Adan,2009-09-12,DE,amzf
male,Ramberto,da Mata,1989-08-08,FR,amzf
female,Eugenia,Fajardo,1989-05-21,CL,amzf
male,Tverdigost,Gisem,1985-08-17,,amzf
female,Savitha,Belligatti,1994-03-18,US,amzf
male,Naslav,Zhuravskiy,2005-02-16,US,amzf
female,Freja,Hval,1995-12-25,IS,amzf
female,Anica,Blagojević,1998-09-09,US,amzf
male,Matija,Rodić,2005-04-07,GB,amzf
female,Gertrude,Pierce,1991-12-25,,amzf
female,Chloe,Ouellet,2004-10-02,US,amzf
male,Yarovid,Kozachok,1984-03-01,BR,amzf
male,Armin,Schultes,1989-01-06,PH,amzf
male,Timian,Klemetsen,1991-09-17,US,amzf
female,Elif,Yeşilkaya,2001-12-05,FR,amzf
male,Maurice,Moreno,1992-04-01,US,amzf
male,Batista,Ferreira,2009-06-04,CN,amzf
female,Arianna,Parker,1990-02-26,,amzf
female,Consuelo,Duran,2007-08-01,KR,amzf
female,Frida,Thomsen,1997-04-08,US,amzf
male,سورنا,نجاتی,1976-10-29,IR,amzf
male,Liam,Moore,2009-10-31,US,amzf
male,Emir,Petit,1984-07-25,US,amzf
female,Slađana,Pištalo,1982-06-30,PL,amzf
female,Svetlana,Pejaković,2009-05-09,US,amzf
male,Matthew,Gauthier,1996-03-23,ES,amzf
female,Tilde,Johansen,1989-09-26,,amzf
female,Brooke,Edwards,2001-06-25,US,amzf
male,Elijah,Taylor,1987-08-04,US,amzf
male,Maurice,Peterson,1989-08-16,DE,amzf
male,Rahul,Gamskar,1990-07-01,US,amzf
female,Cassandra,Ross,1985-05-27,US,amzf
female,Elli,Makinen,2003-11-09,US,amzf
female,Olivia,Pelletier,1988-09-09,JP,amzf
male,Benjamin,Bates,1984-08-12,,amzf
female,Avery,Howell,1998-04-03,,amzf
male,Henry,Clarke,1986-03-27,US,amzf
female,Gaudência,Ferreira,1982-12-14,RU,amzf
male,Felipe,Rojas,1992-02-16,US,amzf
male,Thiago,Bertrand,1994-05-06,US,amzf
female,Hetal,Kumar,1993-05-10,US,amzf
female,Suchita,Sullad,2001-09-28,,amzf
female,Esperanza,Moya,1995-09-08,US,amzf
female,Addison,Gagné,1998-01-09,CN,amzf
female,کیانا,یاسمی,1987-12-29,JP,amzf
male,José Luis,Dueñas,2007-09-06,US,amzf
female,Darcivana,da Cunha,2004-10-26,ZA,amzf
female,Selina,Martin,1994-12-02,US,amzf
male,رادین,کوتی,2005-03-04,GB,amzf
female,بهاره,سلطانی نژاد,2009-10-01,US,amzf
male,Finn,Martin,2006-07-10,US,amzf
female,Viivi,Hautala,2004-11-14,JP,amzf
male,Caspian,Heggestad,1994-08-26,IE,amzf
female,Tuva,Nygard,2004-11-10,CA,amzf
female,Brooke,Hamilton,1999-08-05,EG,amzf
male,Jesse,Pietila,2009-11-16,NZ,amzf
male,Ethan,Davies,2003-08-13,JP,amzf
female,Nurdan,Akgül,2006-05-08,NO,amzf
female,Diane,Romero,2009-02-26,,amzf
male,مانی,زارعی,1980-10-06,US,amzf
female,Rada,Baran,1996-05-09,SK,amzf
female,Kristen,Andrews,1991-01-13,DE,amzf
female,Antonia,Vázquez,1984-10-20,US,amzf
female,Liva,Hansen,1980-11-08,US,amzf
male,Altino,Monteiro,1984-02-03,CN,amzf
female,باران,قاسمی,1990-04-05,US,amzf
male,Theo,Claire,1985-08-10,CO,amzf
female,Matilda,Laakso,1995-08-05,,amzf
male,Joona,Raisanen,2007-09-22,US,amzf
male,Önal,Tekand,1988-05-01,US,amzf
male,عباس,کریمی,1994-05-23,,amzf
female,Sanja,Vrhovac,1982-12-30,ET,amzf
male,Anthony,Jones,1953-02-05,CA,amzf
male,Cristóvão,Novaes,1986-09-18,CN,amzf
male,Nathaniel,Dean,1998-09-09,DE,amzf
male,Oğuzhan,Tüzün,1993-08-27,ID,amzf
male,Velichar,Golovach,2006-12-30,CN,amzf
male,Tomas,Herrero,2009-10-14,KR,amzf
female,Svetlana,Tripković,1995-11-13,GB,amzf
female,Thea,Andersen,1983-05-03,US,amzf
female,سارینا,حیدری,2005-01-14,US,amzf
male,Miško,Žigić,1999-12-31,TW,amzf
female,Beatriz,Lacroix,1991-12-04,US,amzf
female,Veera,Wiita,1991-05-16,,amzf
female,Emma,Mason,1985-10-28,TW,amzf
male,Esteban,Benavides,2005-01-19,US,amzf
female,Alix,Giraud,2001-08-22,US,amzf
male,Iván,Rubio,1999-04-01,CA,amzf
female,Verónica,Pizarro,1996-07-06,US,amzf
male,Marco,Santos,1981-01-13,US,amzf
male,Jimmy,Kidane,1998-08-26,FR,amzf
female,Mila,Roche,2003-10-30,CN,amzf
female,Leah,Reynolds,1996-03-05,DE,amzf
male,Owen,Chapman,1996-06-28,US,amzf
male,Aldo,Longoria,1987-06-03,IT,amzf
male,Jon,Kelly,1985-05-17,,amzf
female,Bertha,Riley,1990-12-22,JP,amzf
male,Baptiste,Rolland,1980-02-12,,amzf
female,Rebecca,Peterson,1994-10-11,CN,amzf
male,Allan,Holmes,2006-04-26,US,amzf
female,Lerke,Arnesen,1987-12-27,,amzf
female,Vallery,Hadders,2006-03-21,US,amzf
male,Michael,Bradley,1981-09-28,UA,amzf
female,Angélica,Chavarría,2000-11-05,,amzf
female,Anna,Fuller,2007-08-22,SG,amzf
male,Dale,Brown,2003-02-03,CN,amzf
female,Julia,Ortega,1996-10-30,US,amzf
female,Sadhana,Cornelissen,2009-12-02,US,amzf
female,Ellen,Hayes,1984-12-30,FR,amzf
male,Luca,Martin,1997-10-09,FR,amzf
female,Devika,Aydin,1994-08-20,US,amzf
male,Marco,Marchand,1986-10-20,US,amzf
male,Tanasko,Lapčević,2000-02-17,RU,amzf
female,Ida,Olivier,2005-08-18,KR,amzf
female,Caroline,Rasmussen,1992-04-29,US,amzf
male,Andreas,Nielsen,1982-08-03,,amzf
male,Iwan,Plötz,2005-08-29,US,amzf
female,Orimira,Batig,1995-01-30,CA,amzf
female,Bérénice,Rousseau,1993-11-10,US,amzf
male,Bjørn,Deinum,1990-04-28,US,amzf
female,Lina,Stengel,1999-01-18,GB,amzf
female,Tina,Spasić,1989-07-30,US,amzf
male,Dick,Gonzales,2008-12-29,US,amzf
female,Sam,Morrison,2005-02-06,,amzf
male,Tim,James,2001-11-16,JP,amzf
male,Benjamin,Jensen,2009-09-17,US,amzf
male,Francisco,Schmitt,2001-03-19,,amzf
female,Mihaela,Nemanjić,2004-08-02,US,amzf
female,Iiris,Koistinen,2006-01-07,KR,amzf
male,Mikkel,Hansen,2000-08-09,JP,amzf
female,Amelia,Benali,1981-05-24,IE,amzf
male,Lucas,Mitchell,1981-03-21,US,amzf
male,Hector,Rogers,1981-01-22,US,amzf
female,Mina,Ignjatović,1981-09-27,JP,amzf
male,Mariano,Ramos,1985-07-29,US,amzf
male,Miloje,Mančić,2008-02-05,US,amzf
male,Pirmin,Möbus,2005-03-21,US,amzf
male,Raúl,Moreno,2001-11-06,IN,amzf
female,Justine,Henry,2004-07-30,US,amzf
male,Jesse,Lepisto,1981-03-30,CN,amzf
female,Kamilla,Ferstad,2008-01-15,ES,amzf
male,Logan,Lavoie,2006-07-07,US,amzf
female,Marcia,Gregory,1997-04-01,US,amzf
male,بردیا,موسوی,1986-07-08,US,amzf
male,Zachary,Hall,1981-03-25,EG,amzf
female,Julia,Mora,1994-03-18,US,amzf
male,Abhinav,Nagane,1997-12-09,BR,amzf
male,Nikola,Daničić,1991-01-05,US,amzf
female,Sophia,Smith,1984-01-26,DE,amzf
male,Victor,Brown,1999-10-25,US,amzf
female,Saana,Jarvela,2002-09-30,CN,amzf
male,رادین,نجاتی,1986-12-21,US,amzf
male,Andrés,Álvarez,1987-10-14,CN,amzf
male,Phil,Howell,2001-11-06,AR,amzf
female,Isobel,Simmons,1997-04-03,HK,amzf
female,Lois,Rodriquez,1985-10-24,US,amzf
female,Varsha,Shetty,1981-09-23,,amzf
male,Juan Carlos,Gamez,1983-07-26,CN,amzf
male,Zlatodan,Buchackiy,2005-12-11,,amzf
male,Roope,Nikula,1983-09-17,US,amzf
male,Sander,Andersen,1992-07-15,US,amzf
male,Soan,Leclerc,2006-06-15,US,amzf
male,Nikolaj,Nielsen,1997-01-06,KZ,amzf
male,Necati,Ozansoy,2008-11-09,JM,amzf
male,Harald,Rey,1982-12-26,US,amzf
male,اميرمحمد,قاسمی,1990-09-16,NO,amzf
male,Yash,Padmanabha,1986-11-14,US,amzf
female,Mihaela,Mladenović,1991-03-14,US,amzf
female,Angie,Crawford,1980-04-16,US,amzf
female,Frida,Palomo,2007-09-01,US,amzf
female,Rosa,Mcdonalid,1984-05-22,,amzf
female,Ilona,Kujala,1987-07-24,,amzf
female,Tesse,Van der Stoel,1994-01-11,CN,amzf
male,Peter,Herrera,1995-11-17,US,amzf
male,Roger,Russell,1987-09-21,,amzf
female,Lori,Elliott,1998-08-28,IN,amzf
male,Batur,Solmaz,2008-03-28,TW,amzf
female,Elif,Plank,2004-06-27,US,amzf
female,Eleonora,Divac,1987-06-16,RU,amzf
male,Coşkun,Beşok,2009-06-15,CN,amzf
male,Kaïs,Gautier,2003-07-17,US,amzf
female,Amanda,Crawford,2008-04-22,US,amzf
female,Brittany,Clark,2006-07-08,US,amzf
female,Maria,Poulsen,1990-06-18,SG,amzf
female,Wilma,Jones,1987-02-20,US,amzf
male,Daniel,Tuomala,1990-09-10,,amzf
female,Buse,Yalçın,1998-10-27,GB,amzf
female,Alex,White,1981-08-09,US,amzf
male,Niilo,Seppala,1990-07-25,VN,amzf
female,Patricia,Burton,2008-05-22,US,amzf
male,Ismael,Muñoz,2001-06-24,US,amzf
female,Shahistha,Salian,1992-07-16,NO,amzf
male,Emile,French,1991-10-23,US,amzf
female,Hannah,Reyes,1988-08-27,,amzf
male,سورنا,مرادی,2001-03-05,CN,amzf
female,Tess,Rodriguez,1987-01-22,JP,amzf
male,Pius,Herzberg,2009-09-16,JP,amzf
male,Tim,Rousseau,2008-04-19,,amzf
male,حامد,صدر,1997-03-23,US,amzf
male,Víctor,Medina,2008-07-15,AR,amzf
male,Adán,Espinoza,1983-10-29,CN,amzf
male,Terry,Watson,1988-11-08,US,amzf
female,Victoria,Young,1985-01-14,JP,amzf
male,Toby,Morris,1990-12-12,AU,amzf
female,Malika,Perrin,2000-10-18,US,amzf
male,Lance,Roberts,2002-12-14,US,amzf
male,Jerrold,Van der Werff,1986-01-26,ZA,amzf
female,Rosina,Lisicya,2006-02-18,ID,amzf
male,Joseph,Wright,1993-04-20,NZ,amzf
male,Rodrigo,González,1990-10-13,IT,amzf
female,Encarnación,León,1992-05-16,US,amzf
male,Veselin,Ćirić,2009-03-28,,amzf
male,Logan,Roy,2009-10-30,CN,amzf
female,Saloni,Sullad,1984-06-28,US,amzf
male,Julián,Cabrera,1999-09-22,IN,amzf
male,Jamie,Rogers,1992-12-24,,amzf
male,Felicíssimo,Souza,2008-03-01,US,amzf
female,Danica,Milovanović,2002-05-31,CN,amzf
female,Kiara,Noel,1980-06-27,CA,amzf
female,Clara,Martin,1994-10-10,US,amzf
male,Vir,Voloshin,1995-06-08,,amzf
female,Loane,Le Gall,1999-11-05,KR,amzf
female,Luanda,das Neves,1983-05-19,US,amzf
female,Ellen,Larson,1982-03-23,US,amzf
female,Daphné,Roy,1998-01-28,US,amzf
male,Edward,Carlson,1982-02-25,KR,amzf
male,Lukas,Westgård,2008-03-05,US,amzf
female,Esperanza,Pineda,2007-02-27,DE,amzf
male,Igor,Underhaug,1997-02-11,AU,amzf
male,Rick,Sims,1980-02-05,RU,amzf
female,Pascale,Dettmer,2001-09-30,CA,amzf
male,Mirko,Orlić,2004-02-09,,amzf
female,Mélina,Gaillard,1986-09-22,NL,amzf
female,Nikhitha,Dhamdhame,2001-09-27,,amzf
male,Leôncio,Martins,2008-07-16,US,amzf
male,Kolodiy,Strelchenko,2007-05-14,,amzf
male,Abel,Rosas,1982-10-26,FR,amzf
male,Cléo,Blanchard,1981-07-21,KR,amzf
male,Hadrien,Fournier,1993-03-28,SK,amzf
female,Aida,Mathieu,1990-12-05,GG,amzf
male,Rafael,Rodriguez,2005-05-30,CA,amzf
female,Lyuborada,Ogranovichi,1988-05-05,US,amzf
male,Snaga,Vaskovichi,1996-12-29,CH,amzf
male,سورنا,کامروا,1991-08-03,CA,amzf
female,Shambhavi,Gupta,1984-12-07,DE,amzf
male,Nicolas,David,1987-03-26,SE,amzf
male,محمدپارسا,احمدی,1995-06-16,US,amzf
male,Isak,Andresen,2000-04-22,US,amzf
male,Albert,Larsen,2005-08-10,TW,amzf
female,Sophie,Brar,2003-11-14,US,amzf
female,Diovalda,Mendes,1990-09-26,SG,amzf
female,Naja,Sørensen,1983-07-21,DE,amzf
male,Ezra,Martin,1992-12-20,RU,amzf
female,Angela,Wood,1994-10-16,GB,amzf
female,Kaitlin,Lopez,1989-01-08,US,amzf
female,Annique,Roelen,1997-04-14,JP,amzf
female,Mehar,Suvarna,1987-12-11,,amzf
female,Emma,Noel,1997-01-01,FI,amzf
male,Arnav,Bal,2000-08-30,MG,amzf
female,Isla,Davies,1999-10-08,US,amzf
male,Klaus-Werner,Plath,2006-07-24,JP,amzf
female,Lea,Sørensen,1984-10-24,DE,amzf
male,Ramses,Rolón,1989-04-06,VE,amzf
female,Eloïse,Carpentier,2007-12-22,US,amzf
female,Maud,Moholt,1994-08-26,US,amzf
male,Metin,Plate,2003-09-26,US,amzf
male,Antonio,Crawford,2002-01-27,,amzf
male,Daksh,Bharanya,1996-05-21,,amzf
female,Zoe,Burke,2008-01-28,US,amzf
male,Adauto,Fogaça,1982-05-10,FR,amzf
male,Lakshit,Dalvi,2007-01-20,,amzf
male,Alexander,Cano,1987-04-24,US,amzf
male,Andrés,Cruz,1989-01-01,,amzf
male,Simon,Lo,2000-11-25,ZA,amzf
female,Heather,Grant,2006-07-11,US,amzf
female,Bastiana,Haarsma,1986-06-10,US,amzf
female,Alma,Lopez,1991-07-16,KZ,amzf
female,Aaliyah,King,1988-09-15,IR,amzf
female,Mónica,Romero,1980-05-14,FR,amzf
female,Alina,Puhalskiy,1982-05-26,CN,amzf
male,Loïs,Renard,1986-06-04,,amzf
male,Mihajlo,Simeonović,2002-12-30,US,amzf
male,Pahal,Kouser,2002-04-19,CN,amzf
female,Olivia,Tuomala,1994-11-04,JP,amzf
male,Benjamin,Larsen,2009-08-12,ES,amzf
female,Kathy,Anderson,2005-12-23,,amzf
male,Marius,Hubert,1998-08-10,DK,amzf
female,Lily,Day,1985-09-18,,amzf
female,Filikitata,Kolodub,2001-12-10,DK,amzf
female,Lylou,Bertrand,2002-08-14,US,amzf
male,Lee,Rivera,1994-06-22,CN,amzf
male,Onni,Aro,2007-03-01,ES,amzf
female,Robyn,De La Rie,1998-01-19,BJ,amzf
male,Emilio,Ríos,1985-04-19,US,amzf
female,کیانا,جعفری,2009-05-04,US,amzf
male,Anton,Toivonen,1985-01-27,US,amzf
female,Ethel,Allen,2006-06-23,KR,amzf
female,Kashvi,Uchil,1990-04-15,TZ,amzf
male,Sebastian,Johansen,1989-07-28,US,amzf
female,Sofia,Christensen,1988-06-14,US,amzf
female,Meral,Ilıcalı,1981-05-09,,amzf
male,Eren,Tazegül,1988-10-06,GB,amzf
female,Esmeralda,Pedroza,1989-06-22,AR,amzf
male,Dusan,Riviere,1986-05-22,GB,amzf
female,Wafae,Havekes,1995-04-08,IN,amzf
female,بهار,سلطانی نژاد,1984-03-17,IL,amzf
female,Scarlett,Hopkins,1999-02-11,VN,amzf
male,Eelis,Saari,1992-01-20,US,amzf
female,Sedef,Erberk,1984-05-24,MX,amzf
male,Leon,Tegelaar,1989-05-11,DK,amzf
male,Clyde,Bradley,2008-10-19,JP,amzf
male,Nelson,Ruiz,1987-01-13,,amzf
male,Isaac,Esteban,1999-03-24,GB,amzf
male,Joseph,Cruz,1987-05-17,CA,amzf
female,Loredana,Slingerland,1983-06-17,JP,amzf
male,Antoine,Tremblay,1997-06-22,,amzf
female,Varsha,Rajesh,1989-04-30,HU,amzf
male,Baljiwan,Bhoja,1998-09-13,US,amzf
female,Marlene,Barbier,2000-10-02,IT,amzf
female,Mestan,Okur,1992-03-12,MY,amzf
female,Sofieke,Waterval,1987-06-27,US,amzf
female,Rufina,Antonyak,1983-07-20,FR,amzf
female,Toni,Wilson,2003-06-21,GB,amzf
female,Elif,Sandalcı,2009-05-07,US,amzf
male,Jeremiah,Sims,1998-08-04,VN,amzf
female,هلیا,موسوی,1992-01-04,US,amzf
male,Lawrence,Bell,1981-06-10,SE,amzf
female,Julie,Møller,1992-05-14,IN,amzf
male,Milan,Richard,1981-08-12,US,amzf
male,Damjan,Tadić,2001-09-22,US,amzf
female,Harriëtte,Heuveling,2006-03-27,CN,amzf
female,Varsha,Dhamdhame,1986-01-28,US,amzf
female,Vanessa,Gröger,1989-06-11,TR,amzf
male,Erol,De Coninck,2007-11-18,,amzf
male,Dean,Woods,2000-10-25,GB,amzf
female,Alyssa,Harper,1984-08-06,RU,amzf
female,Ondina,Barros,1990-06-12,US,amzf
female,Fatma,Çevik,2004-02-25,SE,amzf
male,Noah,Andersen,1995-03-26,,amzf
female,Peyton,Scott,2005-01-30,US,amzf
male,Terrence,Brooks,2001-11-28,CN,amzf
male,Jamie,Terry,1990-09-21,ES,amzf
male,Hasan,Englund,2004-04-23,DE,amzf
male,Dean,Medina,2004-02-02,US,amzf
male,Christophe,Rey,1995-12-03,,amzf
female,Gül,Paksüt,1997-09-06,GB,amzf
female,Pippa,Lee,1983-02-02,IE,amzf
male,Roberto,Molina,1984-12-22,,amzf
female,Irma,Porto,1988-10-05,IE,amzf
male,Oscar,Reyes,2000-01-07,AE,amzf
male,Karl,Meyer,1989-09-21,US,amzf
female,Vildan,Mayhoş,1995-03-22,JP,amzf
female,Myrtha,Leroux,1994-04-19,US,amzf
male,Oussama,Osman,1999-11-27,US,amzf
male,Dmitro,Sasko,1989-08-14,GB,amzf
female,Abitha,Shenoy,2001-02-23,CN,amzf
male,Oliver,Jørgensen,2001-04-24,TH,amzf
male,Porfirio,Tejeda,2005-07-31,US,amzf
female,Pihla,Karjala,1985-05-22,US,amzf
female,Alice,Singh,1992-10-04,GB,amzf
male,Isaac,Palmer,1986-10-01,,amzf
male,Kerim,Yorulmaz,1989-11-30,JP,amzf
female,Yasemin,Çağıran,2000-12-11,US,amzf
female,Audrey,Bell,2001-08-09,US,amzf
male,Macit,Sandalcı,1982-03-28,VN,amzf
male,Şükrü,Crielaard,2007-06-26,BR,amzf
female,Gaudência,da Mota,2007-07-13,CN,amzf
female,Deann,Wood,2006-04-28,,amzf
male,Ege,Başoğlu,1991-12-01,US,amzf
female,Inaya,Caron,1994-06-02,US,amzf
female,Diane,Neal,2001-04-10,US,amzf
male,Job,da Conceição,1995-11-26,US,amzf
male,Griva,Mandzyuk,1998-04-14,US,amzf
male,Gustav,Møller,1982-08-17,US,amzf
female,Hannah,Martin,2004-08-31,RU,amzf
male,احسان,محمدخان,1994-01-02,US,amzf
female,Shannah,Schaafsma,1994-02-04,TZ,amzf
female,Stefana,Živanović,1999-10-16,US,amzf
male,Sebastian,Kvernberg,2000-02-10,,amzf
female,Yasemin,Atan,1989-01-28,US,amzf
male,Xavier,Li,2009-03-26,MX,amzf
female,Aldalgisa,Nogueira,1989-10-21,,amzf
female,Elisa,Smith,1995-05-26,JP,amzf
male,Benjamin,Roy,1981-01-06,US,amzf
male,Rohan,Fernandes,1984-07-21,US,amzf
female,Tracey,Lawrence,2006-04-29,ZA,amzf
male,Ray,Ward,2004-11-22,KR,amzf
male,Abhijith,Kumari,2009-04-09,US,amzf
female,Latife,Sandalcı,2001-07-09,US,amzf
female,Kate,Wright,1987-08-10,,amzf
male,Aatu,Kinnunen,2004-08-10,BR,amzf
female,Laura,Castillo,1990-02-27,KR,amzf
male,Carl,Petersen,1983-11-08,KW,amzf
female,Rachel,Colin,1996-12-02,IE,amzf
male,Mavrikiy,Kuhar,2000-01-07,ES,amzf
male,Leo,Elo,2005-03-03,GR,amzf
female,Sam,Franklin,1995-10-15,HK,amzf
female,Romana,Suprun,1998-09-21,US,amzf
female,Debbie,Brooks,1991-02-05,,amzf
male,Niklas,Jarvi,1995-12-29,US,amzf
female,Jeanne,Brar,2002-04-18,,amzf
female,Ellen,Shaw,2001-12-21,CN,amzf
male,Marco,Mesa,1994-09-08,CN,amzf
male,Carl,Jensen,2007-02-16,CN,amzf
male,Jacob,Chow,1996-07-06,CN,amzf
female,Ingeburg,Mayr,2001-01-16,KR,amzf
female,Delores,Wade,2004-07-09,,amzf
female,Lea,Møller,1993-09-03,SK,amzf
male,Ishaan,Rai,1987-03-02,KR,amzf
male,Timothy,Garnier,2001-07-26,CN,amzf
female,Isla,Linna,2004-05-11,US,amzf
male,Radko,Hudchenko,1987-05-13,US,amzf
male,Pablo,Tafoya,1986-07-17,GB,amzf
female,Ramona,Holt,1996-05-08,KR,amzf
female,Andrijana,Simeonović,2009-10-30,US,amzf
female,Marisela,Guajardo,1998-04-21,CN,amzf
male,Nagraj,Gugale,1997-06-02,KR,amzf
female,Julia,Scott,2001-07-05,GB,amzf
female,Anitha,Sheikh,2006-10-24,CN,amzf
male,Murat,Nebioğlu,2007-01-09,,amzf
female,Sélène,Fournier,2006-03-31,IN,amzf
female,Kavitha,Kumari,1986-11-19,FR,amzf
male,Babür,Tuğluk,2002-09-04,TW,amzf
male,Isaac,Lawson,1987-05-10,TW,amzf
female,Elizabeth,Gardner,2008-06-13,IN,amzf
female,Mira,Spasić,2006-06-21,US,amzf
male,Nelson,Garza,2004-08-26,ES,amzf
female,Nalan,Akbulut,2002-06-11,DE,amzf
female,Erdmute,Trautmann,1985-08-04,US,amzf
male,Ceyhun,Dizdar,1992-05-18,DE,amzf
male,Marco,Santillán,2003-01-13,,amzf
male,Wade,Horton,1990-04-07,JP,amzf
female,Socorro,Cantú,2007-09-03,US,amzf
male,Noah,Chen,1984-02-05,US,amzf
female,Montserrat,Román,1993-03-29,US,amzf
male,Jerry,Penning,1991-05-21,US,amzf
male,Mathias,Selle,2002-05-08,JP,amzf
female,Noémie,Sanchez,2007-05-17,HU,amzf
male,Nitesh,Babu,1990-05-25,GB,amzf
female,Valeska,Franzke,1989-01-20,US,amzf
male,Samuel,Rhodes,2009-08-15,MA,amzf
female,Astrid,Kristensen,1984-06-16,DE,amzf
male,Logan,Singh,2008-03-29,BR,amzf
female,Sylwia,Elsner,2001-05-17,CA,amzf
male,David,Hubert,2005-06-21,,amzf
male,Derek,Sanders,1999-09-02,US,amzf
male,Charan,Dhamdhame,2007-08-16,,amzf
male,Jeff,Morris,1989-11-13,,amzf
male,Mitesh,Keshri,1984-09-30,US,amzf
female,Reinhilde,Scheu,1997-02-25,,amzf
male,Nemanja,Simeonović,1998-07-24,SA,amzf
female,Ruby,White,1987-06-05,JP,amzf
male,Germán,de la Crúz,1985-09-09,KW,amzf
male,Daniel,Narváez,1991-11-14,,amzf
female,Déborah,Cardoso,2008-08-02,TH,amzf
male,Ignacio,Ocasio,1993-07-21,CA,amzf
male,Herrmann,Drechsler,1995-02-14,KR,amzf
female,ستایش,رضاییان,2000-09-22,PT,amzf
male,Vílmar,Lima,2001-09-11,UA,amzf
male,Nikola,Ivanović,2003-02-13,KR,amzf
female,Anni,Tuomi,1980-03-08,JP,amzf
female,Anfisa,Mandzyuk,2007-11-02,US,amzf
female,Begüm,Beşok,1986-03-25,GB,amzf
female,Saloni,Kumar,2008-08-25,US,amzf
female,Emeline,Joly,1980-01-30,,amzf
female,Eleah,Frantzen,1985-01-06,JP,amzf
female,Vita,Nogueira,1995-06-28,US,amzf
male,Zemislav,Shapovalenko,2009-03-05,US,amzf
female,Agatha,Rousseau,1980-10-26,EG,amzf
male,Hermano,da Rosa,1984-05-26,FR,amzf
male,Javier,Vázquez,1987-04-30,US,amzf
female,Apoorva,Mathew,1997-11-26,JP,amzf
female,Ellen,Tuominen,1998-05-30,US,amzf
female,Nicete,Pires,1999-07-10,RU,amzf
female,Ethel,Hopkins,2005-01-10,US,amzf
male,شایان,گلشن,1992-05-07,CN,amzf
female,Kate,Edwards,2003-07-11,,amzf
female,Cläre,Haußmann,2001-04-28,JP,amzf
male,Teerth,Saha,1995-09-09,,amzf
male,Nicholas,Olson,2000-01-12,US,amzf
male,حامد,زارعی,1993-10-23,,amzf
female,Beatriz,Duval,1984-06-22,US,amzf
male,Jens,Nguyen,1980-07-14,US,amzf
male,Zlatko,Ristović,2000-07-01,FR,amzf
male,Karl,Lopez,1995-03-27,US,amzf
male,Diego,Casanova,2005-04-28,US,amzf
female,Nadia,Moreau,2005-02-02,CN,amzf
male,Javier,Hidalgo,1998-05-19,,amzf
female,Sarita,Saniel,1989-01-14,EG,amzf
female,Maëlys,Fabre,2004-10-09,US,amzf
female,Bibianne,Van Kleef,2006-04-27,FR,amzf
female,Selma,Olsen,2003-12-16,US,amzf
male,Kenneth,Porter,1987-04-05,,amzf
male,Dylan,Mitchelle,2006-01-11,AU,amzf
male,Miguel,Roche,2008-12-07,,amzf
male,Santiago,Lomeli,1996-05-04,NL,amzf
female,Kayla,King,1998-03-13,TW,amzf
female,Josephine,Butler,1987-06-30,JP,amzf
female,Océane,Le Gall,1999-02-11,US,amzf
male,Xavier,Fortin,2006-09-06,GB,amzf
female,Joselaine,da Rocha,1989-10-31,US,amzf
female,Rita,Carroll,1997-04-10,CN,amzf
female,Linnea,Kilpela,2000-07-13,US,amzf
male,Moritz,Bertrand,2002-08-08,,amzf
female,Lourdes,Blanco,2002-11-12,DE,amzf
female,Andréia,Cardoso,1984-01-03,CA,amzf
female,Heather,Medina,1993-11-22,SE,amzf
female,Kate,Neal,2004-06-30,CZ,amzf
male,Archie,Edwards,2005-09-06,US,amzf
female,Peremila,Palyanicya,1998-05-12,,amzf
female,رها,یاسمی,1982-08-23,HK,amzf
male,آرسین,قاسمی,2001-04-11,CN,amzf
female,Savitha,Pujari,2006-01-03,AR,amzf
male,Pratyush,Mendonsa,1989-01-20,,amzf
male,Niilo,Heino,2008-08-27,ZA,amzf
female,Lada,Obradović,1986-05-21,LU,amzf
male,Luka,Guzenko,2009-05-05,GB,amzf
female,Shilpa,Andrade,1987-07-07,,amzf
female,Maeva,Tremblay,1991-08-01,US,amzf
male,Branko,Borjan,2005-09-19,DE,amzf
male,Eino,Sippola,1991-05-18,US,amzf
male,Hugo,Crespo,1982-05-16,FR,amzf
male,Özkan,Günday,2003-11-18,US,amzf
female,Yasemin,Çamdalı,2009-03-11,AU,amzf
male,Wesley,Esmeijer,1983-12-20,,amzf
female,Abigail,Cole,1990-12-11,,amzf
female,Alberte,Hansen,2001-08-24,,amzf
female,Anatoliya,Veremiienko,1997-07-04,IT,amzf
male,Zacarías,Santiago,1989-07-04,JP,amzf
male,Gökhan,Elmastaşoğlu,1997-02-23,PL,amzf
male,Aiden,Addy,1989-09-17,,amzf
male,Theo,Abraham,1984-07-20,JP,amzf
male,Thibault,Clement,2000-08-11,IN,amzf
female,Karla,Dahms,1996-10-13,US,amzf
male,Sebastian,Andersen,1995-09-09,KR,amzf
female,Willow,Wang,1982-11-03,JP,amzf
male,Lucas,Roy,1999-07-24,DE,amzf
male,Eric,Centeno,2004-04-02,GB,amzf
male,Vlade,Kovač,1980-03-05,PE,amzf
female,Manasa,Shenoy,1992-10-27,US,amzf
female,Mariana,Galindo,1980-08-21,IS,amzf
male,Benjamin,Rey,2009-12-18,US,amzf
female,Itske,Handgraaf,1989-08-05,,amzf
female,Kapitolina,Vashchenko,2002-03-23,JP,amzf
male,Eckart,Schunk,2001-03-27,RU,amzf
male,Storm,Javed,1980-07-02,CN,amzf
female,Saisha,Adiga,2005-03-09,US,amzf
male,Falan,Nand,1981-06-14,US,amzf
female,Linda,Søreng,1991-02-16,DE,amzf
female,Annabelle,Li,2003-04-02,TN,amzf
female,Rolina,Ubaghs,1982-12-28,ID,amzf
male,Jacob,Pedersen,1993-01-24,FR,amzf
male,Amadeu,Barbosa,1982-04-11,US,amzf
male,Darsh,Mugeraya,1983-08-10,US,amzf
male,Anatole,Guillaume,1981-12-08,US,amzf
female,Camille,Simon,1993-02-24,DE,amzf
male,سهیل,احمدی,1981-05-06,IR,amzf
male,Tobias,Tiller,1988-09-18,US,amzf
female,Cassandra,Opgård,1995-06-18,DE,amzf
male,آرمین,مرادی,2002-12-03,US,amzf
male,Jackson,Cunningham,2007-10-11,CO,amzf
female,Julie,Burke,1985-08-30,DE,amzf
male,Bently,Chow,1984-11-18,US,amzf
female,Olivia,Hautala,2004-02-09,IT,amzf
male,Tim,Macrae,1991-06-03,KR,amzf
male,Thomas,Le Gall,1996-08-18,CR,amzf
female,Diovanda,Peixoto,1995-12-12,DE,amzf
male,Mateusz,Karlsson,1994-12-29,DK,amzf
female,Cathy,Peters,1999-03-01,US,amzf
female,Marina,Ivić,1993-12-22,US,amzf
male,Luukas,Erkkila,1984-12-08,US,amzf
male,Željko,Mandić,1995-01-28,,amzf
male,سهیل,نجاتی,1989-01-22,US,amzf
male,Rad,Chaban,1981-01-24,GB,amzf
male,Pablo,Lefevre,1987-04-08,TW,amzf
male,Özkan,Gümüşpala,1994-01-10,,amzf
female,Ella,Jørgensen,1991-09-23,CA,amzf
male,Guneet,Mathew,2006-05-25,CN,amzf
male,Thibault,Fournier,1990-10-16,,amzf
female,Nancy,Arce,1987-04-04,IE,amzf
male,Lauri,Haataja,1992-07-06,US,amzf
male,Barry,Fleming,1998-04-18,,amzf
female,Rosalie,Zee,1999-08-19,CN,amzf
male,Silvério,Rocha,2005-08-02,US,amzf
male,Salvador,Rivas,1985-10-25,US,amzf
female,Anna,Jørgensen,1993-02-05,US,amzf
male,Jonathan,Olsen,1993-06-28,US,amzf
female,Lisa,Harris,1985-08-07,,amzf
male,Nihal,Topaloğlu,1988-07-05,US,amzf
male,Henry,Montgomery,1980-02-06,,amzf
male,Stanley,Johnston,2009-12-11,CN,amzf
female,Sumaya,Castro,2000-04-05,US,amzf
male,Warren,Murray,1996-05-18,IT,amzf
female,Bella,Patel,2006-12-18,US,amzf
male,Akseli,Mattila,1994-05-13,KR,amzf
female,Mina,Trajković,1987-01-02,US,amzf
male,Wendel,Van de Steeg,1985-10-27,JP,amzf
male,Alfredo,Sullivan,2001-06-04,CA,amzf
male,Yaromil,Krohmal,1996-08-13,JP,amzf
female,Saheli,Bal,2007-05-16,US,amzf
male,Víctor,Canales,1990-02-17,KR,amzf
male,Kahaan,Bal,1996-01-28,CN,amzf
female,Amelia,Walker,2007-11-29,KZ,amzf
male,Marchano,Van Toorn,1992-09-15,NL,amzf
male,Randall,Myers,1980-01-07,,amzf
male,Gordan,Cvetković,1992-07-20,CN,amzf
female,Yasemin,Yalçın,1995-05-13,,amzf
female,Amanda,Dean,2008-11-24,US,amzf
male,Leonard,Moreno,2007-09-17,US,amzf
female,Kristin,Davis,1996-01-17,US,amzf
male,Zahar,Borisyuk,1985-01-04,CN,amzf
male,Cursino,Cavalcanti,1980-10-21,FR,amzf
female,Amanda,Bowman,1993-05-12,US,amzf
male,Riad,Pals,2004-02-11,NL,amzf
male,Nicolas,Hernández,1988-01-04,KR,amzf
male,Goran,Vujičić,1987-06-11,,amzf
male,Alex,Ramos,1981-10-10,US,amzf
female,Kübra,Kutlay,1994-08-09,US,amzf
female,Oya,Düşenkalkar,1993-07-19,,amzf
male,Clinton,Allen,1980-06-26,US,amzf
female,Sanjana,Gupta,1990-04-14,,amzf
male,Levi,Dixon,1988-11-29,US,amzf
male,Rob,Van Klooster,2003-04-23,US,amzf
female,Josefina,Jiménez,1986-06-19,US,amzf
male,Aníbal,Pereira,1986-07-09,US,amzf
male,Amit,Rao,1997-08-13,US,amzf
female,Annemie,Rudloff,1987-07-20,CN,amzf
male,Alfonso,Serrano,1988-03-13,IT,amzf
male,Charles,Hart,1999-10-22,US,amzf
male,Eino,Moilanen,1981-11-09,US,amzf
male,Edgar,Murphy,2004-07-15,IN,amzf
female,یاسمین,گلشن,2004-05-21,JP,amzf
male,Amar,Heskestad,2004-03-31,CN,amzf
female,Iva,Vuksanović,1984-07-13,,amzf
male,Abhishek,Das,1989-08-05,US,amzf
female,Nadiah,Wijnholds,1984-10-31,BR,amzf
male,Arseniy,Sinyak,2002-01-26,US,amzf
female,Katarina,Pejaković,1987-06-11,US,amzf
male,Brandon,Hansen,2004-01-09,,amzf
female,Erica,Rosenberg,2000-04-08,MA,amzf
female,Liesel,Erhard,1993-02-16,HK,amzf
male,Dick,Lawson,1991-05-07,US,amzf
female,Rose,Rocha,1988-03-30,US,amzf
male,Magnus,Olsen,2006-10-23,GB,amzf
female,Lily,Lawson,1988-12-27,CN,amzf
female,Patricia,Santiago,1997-03-14,US,amzf
female,Dulce,Nunes,2009-05-20,PL,amzf
female,Billie,Richards,1981-06-20,CN,amzf
female,Eline,Da Silva,2006-03-28,US,amzf
female,Susan,Warren,2008-10-08,,amzf
female,Romilda,Silveira,2002-07-14,US,amzf
female,Laura,Kelly,1988-07-04,US,amzf
female,Rosa,Ehlert,2009-04-06,US,amzf
male,Roberto,White,1986-02-21,US,amzf
male,Todd,Sutton,1996-05-11,,amzf
male,Stephen,Vidal,1997-10-29,US,amzf
male,Eloy,Amador,1990-12-05,JP,amzf
female,Jadwiga,Adolph,1995-08-14,BR,amzf
male,Magnus,Christiansen,1990-11-06,,amzf
male,Felix,Bowman,1997-09-06,US,amzf
male,اميرعلي,رضایی,2007-06-02,CO,amzf
female,Ömür,Eliçin,1992-12-29,,amzf
male,Jayanth,Jain,1993-03-26,AR,amzf
female,Alicia,Nicolas,2007-02-05,,amzf
male,نيما,حیدری,2003-01-18,CN,amzf
female,Bérénice,Gerard,2007-09-02,US,amzf
female,Ellie,Weaver,1985-10-16,US,amzf
male,Albert,Hansen,1989-12-15,JP,amzf
male,Marius,Olsen,1985-03-06,SE,amzf
male,محمد,سلطانی نژاد,1947-08-24,IR,amzf
female,Helena,Fischer,2001-12-08,US,amzf
female,Maud,Van Mourik,1992-02-06,US,amzf
female,Britney,Watkins,1996-12-03,US,amzf
female,María,Rubio,1980-07-09,PL,amzf
female,Debra,Adams,1995-05-22,IT,amzf
male,Joona,Wallo,2007-11-04,,amzf
male,Miško,Živanović,1992-07-28,EG,amzf
male,Anmol,Almeida,1981-03-23,NL,amzf
male,Vlast,Shepticka,1994-01-10,AR,amzf
